"49(degrees) North, WA","Washington","5774","3923","1851","6","68","2325","0.3","697.5","0.4","930","0.3","697.5","48.3016","-117.5629","38","34","29","32","24","19","25"
"Afton Alps, MN","Minnesota","700","350","350","21","48","300","0.2","60","0.6","180","0.2","60","44.85","-92.79","41","45","50","36","39","35","24"
"Alpine Meadows, CA","California","8673","6385","2288","13","100","2400","0.25","600","0.4","960","0.35","840","39.17","-120.22","42","45","42","42","31","19","34"
"Alpine Mountain, PA","Pennsylvania","1150","600","500","3","21","120","0.17","20.4","0.55","66","0.28","33.6","40.08","-76.9","58","55","54","52","53","49","55"
"Alpine Valley, MI","Michigan","1210","910","300","14","25","118","0.39","46.02","0.26","30.68","0.35","41.3","44.96","-84.87","47","36","52","35","36","41","42"
"Alpine Valley, OH","Ohio","1500","1260","230","6","11","72","0.33","23.76","0.34","24.48","0.33","23.76","40.31","-83.68","58","48","51","53","42","49","50"
"Alpine Valley, WI","Wisconsin","","","388","16","20","90","0.4","36","0.4","36","0.2","18","42.45","-88.25","50","49","55","39","42","50","41"
"Alta, UT","Utah","10550","8530","2020","11","116","2200","0.25","550","0.4","880","0.35","770","40.6","-111.64","24","34","23","21","22","9","14"
"Alyeska, AK","Alaska","3939","250","2500","9","73","1500","0.11","165","0.52","780","0.37","555","60.97","-149.11","77","77","77","77","77","77","77"
"Andes Tower, MN","Minnesota","","","275","4","16","45","0.35","15.75","0.35","15.75","0.3","13.5","46.73","-94.69","42","40","43","31","33","27","16"
"Angel Fire, NM","New Mexico","10677","8600","2077","7","77","560","0.26","145.6","0.5","280","0.24","134.4","36.39","-105.29","27","39","45","37","40","32","33"
"Anthony Lakes, OR","Oregon","8000","7100","900","3","21","1100","0.2","220","0.38","418","0.42","462","44.97","-118.23","43","42","23","25","19","14","18"
"Appalachian, NC","North Carolina","4000","3635","365","6","12","22","0.18","3.96","0.55","12.1","0.27","5.94","41.29","-76.57","48","51","49","49","46","52","43"
"Apple Mountain, MI","Michigan","620","600","220","5","12","40","0.4","16","0.4","16","0.2","8","43.46","-84.1","44","52","43","41","47","49","34"
"Arapahoe Basin, CO","Colorado","13050","10780","2270","7","105","900","0.1","90","0.3","270","0.6","540","39.72","-104.79","41","56","56","49","54","27","38"
"Arctic Valley, AK","Alaska","3900","2500","1400","4","25","320","0.2","64","0.5","160","0.3","96","61.24","-149.61","77","77","77","77","77","77","77"
"Arizona Snowball, AZ","Arizona ","11500","9200","2300","6","40","777","0.37","287.49","0.42","326.34","0.21","163.17","35.32782","-111.69517","23","38","37","35","32","22","28"
"Aspen Highlands, CO","Colorado","11675","8040","3635","5","118","1028","0.18","185.04","0.3","308.4","0.52","534.56","39.12","-106.85","30","42","39","31","33","22","24"
"Aspen Mt, CO","Colorado","11212","7945","3267","8","76","673","0","0","0.48","323.04","0.52","349.96","39.17","-106.82","28","39","35","27","29","19","21"
"Attitash, NH","New Hampshire ","2350","600","1750","11","76","310","0.2","62","0.47","145.7","0.33","102.3","44.09","-71.21","41","39","48","44","38","43","42"
"Badger Mountain, WA","Washington","3800","3000","800","3","5","20","0.33","6.6","0.34","6.8","0.33","6.6","47.59","-120.19","30","32","36","33","26","23","26"
"Bald Mountain, ID","Idaho","4800","4000","684","2","","140","0.25","35","0.4","56","0.35","49","44.37","-114.35","35","43","31","28","20","16","23"
"Bear Creek Mountain, PA","Pennsylvania","1110","600","510","6","21","86","0.3","25.8","0.4","34.4","0.3","25.8","41.21","-75.68","44","45","46","46","42","48","38"
"Bear Mountain, CA","California","8805","7140","1665","12","","748","0.3","224.4","0.4","299.2","0.3","224.4","37.1","-119.1","45","42","39","37","29","27","31"
"Bear Paw, MT","Montana","5280","4200","900","1","11","80","0.25","20","0.25","20","0.5","40","41.78","-123.66","55","51","47","44","34","37","38"
"Bear Valley Mt, CA","California","8500","6600","1900","9","75","1680","0.25","420","0.4","672","0.35","588","39.2","-122.44","66","63","64","59","54","53","52"
"Bear's Den, ND","North Dakota","1190","900","290","3","8","30","0.25","7.5","0.5","15","0.25","7.5","46.53","-97.95","34","42","39","32","32","21","14"
"Beaver Creek, CO","Colorado","11440","8100","3340","25","149","1832","0.19","348.08","0.64","1172.48","0.17","311.44","39.61","-106.53","34","43","42","34","37","25","27"
"Beaver Mt, UT","Utah","8800","7100","1700","5","47","828","0.25","207","0.4","331.2","0.35","289.8","41.97","-111.57","28","33","25","24","21","10","16"
"Beech Mountain, NC","North Carolina","5505","4675","830","10","15","95","0.3","28.5","0.4","38","0.3","28.5","36.22","-81.88","47","52","52","42","46","47","40"
"Belleayre, NY","New York","3429","2025","1404","8","55","171","0.22","37.62","0.58","99.18","0.2","34.2","40.86","-73.4","52","51","57","57","50","57","50"
"Berkshire East, MA","Massachusetts ","1840","660","1180","6","45","400","0.3","120","0.35","140","0.35","140","42.32","-73.17","41","40","45","46","40","49","40"
"Big Boulder, PA","Pennsylvania","2175","1700","475","8","15","55","0.4","22","0.35","19.25","0.25","13.75","41.05","-75.59","45","46","47","46","43","49","40"
"Big Powderhorn, MI","Michigan","600","1200","600","10","33","253","0.35","88.55","0.35","88.55","0.3","75.9","46.49","-90.1","39","39","47","34","34","36","27"
"Big Sky, MT","Montana","11166","6800","4350","34","306","5800","0.15","870","0.25","1450","0.6","3480","45.29","-111.38","36","39","28","24","17","9","16"
"Bigrock, ME","Maine","1641","661","980","5","28","60","0.11","6.6","0.75","45","0.14","8.4","44.6","-67.94","50","41","52","50","41","50","53"
"Bittersweet, MI","Michigan","","","350","12","20","110","0.3","33","0.6","66","0.1","11","43.38","-85.78","41","49","41","41","46","45","30"
"Black Mountain, ME","Maine","2460","1080","1380","3","35","48","","0","","0","","0","45.18","-70.67","34","32","41","36","30","39","37"
"Black Mountain, NH","New Hampshire ","3303","1250","1100","4","40","143","0.33","47.19","0.35","50.05","0.32","45.76","44.22","-71.16","36","33","41","37","31","37","35"
"Blackjack, MI","Michigan","1650","1185","465","6","26","126","0.2","25.2","0.4","50.4","0.4","50.4","46.48","-89.99","39","39","47","34","33","36","27"
"Blacktail Mountain, MT","Montana","6780","5340","1440","4","25","2500","0.15","375","0.7","1750","0.15","375","48","-114.36","31","34","27","27","14","11","16"
"Blanford, MA","Massachusetts ","1685","1220","465","5","22","158","0.4","63.2","0.5","79","0.1","15.8","42.18","-72.93","46","46","50","51","45","52","45"
"Blue Hills, MA ","Massachusetts ","635","326","309","4","12","60","0.25","15","0.5","30","0.25","15","41.81","-72.7","49","49","54","55","48","55","49"
"Blue Knob, PA","Pennsylvania","3172","2074","1072","5","34","100","0.2","20","0.35","35","0.45","45","40.28","-78.55","42","44","46","40","40","44","33"
"Blue Mountain, PA","Pennsylvania","1600","460","1082","13","39","164","0.41","67.24","0.13","21.32","0.46","75.44","40.19","-77.61","48","49","47","46","43","49","39"
"Bogus Basin, ID","Idaho","7582","5800","1800","8","66","2600","0.22","572","0.45","1170","0.33","858","43.76","-116.1","38","42","29","28","21","15","20"
"Bolton Valley, VT","Vermont","3150","2100","1704","6","71","165","0.32","52.8","0.36","59.4","0.32","52.8","44.42","-72.85","36","33","39","38","31","43","33"
"Boreal, CA","California","7700","7200","500","6","41","480","0.3","144","0.55","264","0.15","72","39.33","-120.35","45","46","44","43","32","32","35"
"Boston Mills/Brandywine, OH","Ohio","660","420","264","16","17","88","0.27","23.76","0.27","23.76","0.46","40.48","40.07","-82.95","51","53","57","46","52","54","39"
"Bottineau Winter Park, ND","North Dakota","2080","1880","250","5","9","40","0.4","16","0.4","16","0.2","8","48.83","-100.45","36","45","36","33","28","18","11"
"Bousquet, MA ","Massachusetts ","1875","1125","750","5","23","200","0.34","68","0.33","66","0.33","66","42.4","-71.39","51","49","55","56","48","55","52"
"Boyce Park, PA","Pennsylvania","1232","1072","160","3","4","25","0.75","18.75","0.25","6.25","","0","40.46","-79.75","48","49","56","45","49","54","39"
"Boyne Highlands, MI","Michigan","1290","745","552","8","55","435","0.37","160.95","0.29","126.15","0.34","147.9","45.47","-84.94","37","50","38","37","42","42","30"
"Boyne Mountain, MI","Michigan","1120","620","500","10","60","415","0.29","120.35","0.41","170.15","0.3","124.5","45.17","-84.94","37","53","37","39","43","44","31"
"Brantling, NY","New York","850","600","250","6","8","36","0.3","10.8","0.4","14.4","0.3","10.8","43.16","-77.06","48","50","50","46","46","56","40"
"Breckenridge, CO","Colorado","12998","9600","3398","31","155","2358","0.14","330.12","0.31","730.98","0.55","1296.9","39.49","-106.03","26","43","39","30","33","20","25"
"Bretton Woods, NH","New Hampshire ","3100","1600","1500","10","102","464","0.25","116","0.29","134.56","0.46","213.44","44.26","-71.45","40","36","46","42","35","44","40"
"Brian Head, UT","Utah","10929","9600","1329","9","71","650","0.3","195","0.35","227.5","0.35","227.5","37.69","-112.86","27","37","33","31","28","15","24"
"Bridger Bowl, MT","Montana","8800","6100","2700","8","71","2000","0.2","400","0.3","600","0.5","1000","45.83","-110.89","37","44","32","31","19","11","19"
"Brighton,  UT","Utah","10500","8755","1745","5","66","1050","0.21","220.5","0.4","420","0.39","409.5","40.6","-111.58","27","38","27","25","24","12","18"
"Bristol Mountain, NY","New York","2200","1000","1200","6","34","138","0.32","44.16","0.5","69","0.18","24.84","44.24","-73.1","44","43","45","42","40","52","42"
"Bromley Mountain, VT ","Vermont","3284","1950","1334","10","46","300","0.35","105","0.34","102","0.31","93","43.23","-72.94","36","33","41","41","33","43","33"
"Brundage, ID","Idaho","7640","5840","1800","5","46","1500","0.3","450","0.5","750","0.2","300","45.05","-116.12","39","37","28","23","18","14","18"
"Bryce, VA","Virginia","1750","1250","500","7","8","25","0.34","8.5","0.33","8.25","0.33","8.25","38.75","-78.65","56","63","55","54","53","57","49"
"Buck Hill, MN","Minnesota","","","310","9","16","45","0.4","18","0.4","18","0.2","9","44.72","-93.28","41","45","51","37","41","35","24"
"Buena Vista, MN","Minnesota","1510","1280","230","5","16","30","0.2","6","0.55","16.5","0.25","7.5","47.57","-94.72","42","42","40","31","33","26","16"
"Burke Mountain, VT","Vermont","3267","1267","2011","6","55","270","0.11","29.7","0.47","126.9","0.42","113.4","44.57","-71.9","36","30","38","35","32","44","36"
"Buttermilk, CO","Colorado","9900","7870","2030","9","44","470","0.35","164.5","0.39","183.3","0.26","122.2","39.24","-104.91","33","53","54","45","50","25","35"
"Caberfae Peaks, MI","Michigan","1545","1060","485","6","34","200","0.35","70","0.33","66","0.32","64","44.32","-85.6","37","51","33","37","42","41","28"
"Camden Snow Bowl, ME","Maine","1093","150","943","4","11","80","0.2","16","0.6","48","0.2","16","44.21","-69.15","46","41","49","49","40","49","49"
"Camelback Mountain, PA","Pennsylvania","2050","1239","800","15","34","160","0.39","62.4","0.26","41.6","0.35","56","41.05","-75.35","46","46","47","47","43","49","40"
"Camp 10, WI","Wisconsin","","","240","4","14","120","0.4","48","0.4","48","0.2","24","45.4","-88.22","77","77","77","77","77","77","77"
"Campgaw Mountain, NJ","New Jersey","720","450","270","6","5","18","0.7","12.6","0.2","3.6","0.1","1.8","41.05","-74.21","50","51","52","54","48","54","48"
"Canaan Valley, WV","West Virginia ","4280","3430","850","5","42","91","0.3","27.3","0.4","36.4","0.3","27.3","39.12","-79.37","45","49","54","41","46","50","36"
"Cannon Mountain, NH","New Hampshire ","4080","1900","2180","10","73","264","0.21","55.44","0.47","124.08","0.32","84.48","44.15","-71.69","34","29","38","36","28","35","32"
"Cannonsburg, MI","Michigan","","","250","10","19","100","0.2","20","0.25","25","0.55","55","43.06","-85.48","42","49","41","41","46","46","30"
"Cascade Mountain, WI","Wisconsin","1280","820","460","10","35","160","0.38","60.8","0.24","38.4","0.38","60.8","43.49","-89.52","45","52","38","39","43","31","30"
"Cataloochee, NC","North Carolina","5400","4660","740","5","12","50","0.25","12.5","0.5","25","0.25","12.5","35.63","-83.09","56","63","59","51","58","56","50"
"Catamount, NY","New York","2000","1000","1000","6","33","130","0.32","41.6","0.33","42.9","0.35","45.5","44.59","-74.09","38","38","41","34","33","46","33"
"Chester Bowl Park, MN","Minnesota","875","700","175","1","4","117","0.4","46.8","0.6","70.2","","0","46.73","-94.69","42","40","43","31","33","27","16"
"Chestnut Mountain, IL","Illinois","1040","565","475","9","19","146","0.3","43.8","0.4","58.4","0.3","43.8","42.32","-90.38","51","55","42","44","49","34","35"
"China Peak, CA","California","8709","7030","1679","11","45","1200","0.11","132","0.28","336","0.61","732","40.9","-123.34","58","52","51","44","34","38","37"
"Christie Mountain, WI","Wisconsin","1650","1300","350","5","21","100","0.4","40","0.25","25","0.35","35","45.19","-88.49","44","51","38","36","40","33","27"
"Christmas Mountain, WI","Wisconsin","1250","1000","250","3","10","40","0.4","16","0.4","16","0.2","8","43.6","-89.87","46","53","39","39","42","30","30"
"Clear Fork, OH","Ohio","2400","2100","300","6","9","60","0.29","17.4","0.42","25.2","0.29","17.4","41.68","-84.58","48","53","50","43","50","50","35"
"Cloudmont, AL","Alabama","1800","1650","150","2","2","10","0.5","5","0.5","5","","0","33.4","-86.08","63","65","67","63","68","67","58"
"Cochran, VT","Vermont","1000","500","500","5","6","30","0.22","6.6","0.56","16.8","0.22","6.6","44.39","-72.97","45","43","48","43","41","53","43"
"Coffee Mill, MN","Minnesota","1150","725","425","3","10","28","0.3","8.4","0.4","11.2","0.3","8.4","44.36","-92.04","48","54","40","43","40","29","32"
"Cooper Spur, OR","Oregon","4350","4000","350","2","10","50","0.4","20","0.4","20","0.2","10","45.39","-121.67","47","36","28","30","22","22","23"
"Copper Mt, CO","Colorado","12313","9712","2601","22","127","2465","0.21","517.65","0.25","616.25","0.54","1331.1","39.46","-106.17","18","32","28","20","22","11","14"
"Cortina, NY","New York","2650","1925","725","4","18","87","0.45","39.15","0.5","43.5","0.05","4.35","43.15","-76.31","47","50","51","46","45","54","41"
"Cottonwood Butte, ID","Idaho","5565","4280","845","2","7","260","0.28","72.8","0.29","75.4","0.43","111.8","46.06","-116.46","38","38","29","30","21","17","22"
"Cranmore Mountain, NH","New Hampshire ","2000","500","1500","10","54","200","0.36","72","0.44","88","0.2","40","44.06","-71.11","41","43","50","48","41","46","45"
"Crested Butte, CO","Colorado","12162","9375","2787","16","121","1547","0.21","324.87","0.46","711.62","0.33","510.51","38.87","-106.99","35","45","43","34","36","26","28"
"Crotched Mountain, NH","New Hampshire ","2066","1050","1000","5","25","100","0.28","28","0.4","40","0.32","32","42.99","-71.88","43","40","47","46","38","46","41"
"Crystal Mountain, MI","Michigan","1132","757","375","8","45","85","0.25","21.25","0.49","41.65","0.26","22.1","44.51","-86","40","52","36","39","45","43","32"
"Crystal Mountain, WA","Washington","7012","4400","3100","12","57","2600","0.11","286","0.54","1404","0.35","910","46.92","-121.52","47","37","30","30","20","22","22"
"Dartmouth Skiway, NH","New Hampshire ","1943","975","968","4","31","107","0.24","25.68","0.5","53.5","0.26","27.82","43.2","-71.56","48","45","53","51","44","51","48"
"Dear Valley, UT","Utah","9570","6570","3000","21","100","2026","0.27","547.02","0.4","810.4","0.33","668.58","40.61","-111.5","26","34","26","24","24","10","16"
"Devil's Head, WI","Wisconsin","995","495","500","11","30","300","0.3","90","0.4","120","0.3","90","46.22","-89.26","38","48","33","33","36","28","24"
"Diamond Peak, NV","Nevada","8540","6700","1840","6","31","655","0.18","117.9","0.46","301.3","0.36","235.8","39.58","-115.81","30","37","29","30","25","15","23"
"Discovery Basin, MT","Montana","8158","5770","2388","7","67","2200","0.2","440","0.25","550","0.55","1210","46.26","-112.26","41","44","33","32","16","13","21"
"Dodge Ridge, CA","California","8200","6600","1600","12","67","852","0.2","170.4","0.4","340.8","0.4","340.8","38.14","-120.03","61","57","54","51","40","40","43"
"Donner Ski Ranch, CA","California","7781","7031","750","8","53","503","0.25","125.75","0.5","251.5","0.25","125.75","39.31","-120.34","45","47","44","43","32","32","35"
"Dry Hill, NY","New York","950","650","300","3","7","42","0.33","13.86","0.34","14.28","0.33","13.86","42.99","-75.21","40","43","46","43","40","50","37"
"Eagle Point, UT","Utah","10500","9100","1400","6","40","625","0.2","125","0.35","218.75","0.45","281.25","41.25","-111.8","38","40","38","37","35","25","30"
"Eagle Rock, PA","Pennsylvania","1810","1300","550","3","14","43","0.6","25.8","0.1","4.3","0.3","12.9","39.83","-77.53","49","52","48","49","45","52","42"
"Eaglecrest, AK","Alaska","2600","1200","1540","4","31","640","0.2","128","0.4","256","0.4","256","58.3","-134.55","39","37","38","34","30","24","19"
"Echo Valley, WA","Washington","3900","3000","900","4","8","70","0.25","17.5","0.5","35","0.25","17.5","48.64","-117.93","37","34","32","35","27","23","27"
"Eldora, CO","Colorado","10800","9200","1600","12","53","680","0.2","136","0.5","340","0.3","204","39.94","-105.56","34","42","39","30","35","16","24"
"Elk Mountain, PA","Pennsylvania","2693","1693","1000","6","27","140","0.25","35","0.3","42","0.45","63","41.72","-75.55","44","46","48","46","43","49","40"
"Elk Ridge, AZ","Arizona ","8150","7500","600","2","12","37","0.3","11.1","0.5","18.5","0.2","7.4","35.1","-112.23","45","52","53","52","49","38","46"
"Four Lakes, IL","Illinois","500","400","100","7","5","9","0.3","2.7","0.7","6.3","0","0","41.79","-88.09","53","51","56","42","44","51","44"
"Four Seasons, NY","New York","550","450","100","2","4","12","0.4","4.8","0.4","4.8","0.2","2.4","42.48","-73.81","48","48","49","51","45","54","45"
"Frost Fire, ND","North Dakota","1350","1000","350","3","10","25","0.25","6.25","0.25","6.25","0.5","12.5","48.91","-98.07","44","39","31","31","22","13","13"
"Giants Ridge, MN","Minnesota","1972","1472","500","7","35","202","0.31","62.62","0.44","88.88","0.25","50.5","47.59","-92.3","38","42","31","31","29","20","19"
"Gladstone, MI","Michigan","","","130","5","6","30","0.6","18","0.4","12","","0","45.86","-87.02","39","48","38","37","42","37","30"
"Gore Mountain, NY","New York","3600","1500","2537","14","94","438","0.11","48.18","0.53","232.14","0.36","157.68","43.67","-74.05","33","33","38","38","30","38","29"
"Grand Geneva, WI","Wisconsin","1086","874","211","6","18","14","0.3","4.2","0.4","5.6","0.3","4.2","42.6","-88.4","48","55","40","42","48","39","33"
"Grand Targhee, WY","Wyoming","10000","7408","2419","5","72","3000","0.1","300","0.7","2100","0.2","600","43.74","-111.07","29","38","28","26","25","14","20"
"Granite Gorge, NH","New Hampshire ","","","525","2","17","25","0.35","8.75","0.35","8.75","0.3","7.5","42.97","-72.21","44","44","49","49","43","50","45"
"Granite Peak, WI","Wisconsin","1924","1224","700","8","74","275","0.35","96.25","0.3","82.5","0.35","96.25","43.79","-88.79","43","52","38","39","43","33","30"
"Great Bear, SD","South Dakota","","","183","5","12","20","0.25","5","0.5","10","0.25","5","43.57","-96.67","55","54","40","46","30","24","31"
"Great Divide, MT","Montana","7210","5880","1330","6","140","1600","0.15","240","0.35","560","0.5","800","46.7536","-112.3136","32","38","26","27","11","6","13"
"Greek Peak Mountain, NY","New York","2100","1148","952","8","32","220","0.4","88","0.25","55","0.35","77","40.71","-74.01","51","52","55","56","50","57","49"
"Gunstock, NH","New Hampshire ","2300","900","1400","7","55","227","0.12","27.24","0.61","138.47","0.27","61.29","42.91","-71.08","50","47","55","54","45","54","51"
"Hanson Hills, MI","Michigan","","","225","4","11","125","0.5","62.5","0.5","62.5","","0","44.64","-84.75","36","53","34","37","41","43","30"
"Heavenly, CA","California","10067","6540","3527","29","97","4800","0.2","960","0.45","2160","0.35","1680","38.9353","-119.94","43","48","43","44","34","20","35"
"Hidden Valley, MO","Missouri","","","310","6","12","30","0.3","9","0.6","18","0.1","3","38.95","-94.54","53","52","45","51","56","36","43"
"Hidden Valley, NJ","New Jersey","1435","815","640","4","13","36","0.25","9","0.3","10.8","0.45","16.2","40.64","-74.88","52","51","53","54","48","55","47"
"Hidden Valley, PA","Pennsylvania","2875","2405","470","11","31","110","0.31","34.1","0.45","49.5","0.24","26.4","40.06","-79.26","43","46","53","41","45","50","35"
"Hidden Valley, WI","Wisconsin","","","200","2","7","50","0.25","12.5","0.5","25","0.25","12.5","43.03","-88.18","45","54","39","41","46","39","32"
"Highlands of Olympia, WI","Wisconsin","","","205","","3","5","0.5","2.5","0.3","1.5","0.2","1","43.79","-88.79","43","52","38","39","43","33","30"
"Hilltop, AK","Alaska","894","600","294","3","10","30","0.8","24","0.1","3","0.1","3","61.43","-149.44","77","77","77","77","77","77","77"
"Hogadon, WY","Wyoming","8000","7400","600","3","15","60","0.2","12","0.4","24","0.4","24","39.52","-119.87","51","57","52","53","45","25","44"
"Holiday Mountain, NY","New York","1300","900","400","4","7","60","0.3","18","0.4","24","0.3","18","41.63","-74.62","46","47","48","49","44","50","43"
"Holiday Valley, NY","New York","2250","1500","750","13","58","290","0.34","98.6","0.28","81.2","0.38","110.2","42.26","-78.68","40","44","46","38","42","52","32"
"HoliMont, NY","New York","2260","1560","700","9","52","140","0.25","35","0.25","35","0.5","70","42.28","-78.7","41","44","46","38","43","53","32"
"Homewood, CA","California","7800","6230","1570","8","64","1260","0.15","189","0.5","630","0.35","441","39.08","-120.17","44","47","44","44","33","20","35"
"Hoodoo, OR","Oregon","5703","4668","1035","7","30","806","0.3","241.8","0.3","241.8","0.4","322.4","43.89","-121.43","58","49","42","39","31","31","35"
"Huff Hills, ND","North Dakota","","","450","2","16","80","0.4","32","0.5","40","0.1","8","46.63","-100.72","42","36","34","29","17","13","15"
"Hunter Mountain, NY","New York","3200","1600","1600","10","55","240","0.3","72","0.3","72","0.4","96","42.18","-74.24","38","38","43","41","36","44","35"
"Hyland, MN","Minnesota","1075","900","175","6","14","35","0.4","14","0.4","14","0.2","7","44.82","-93.37","47","51","37","41","35","24","28"
"Indianhead, MI","Michigan","1935","1297","638","9","30","238","0.17","40.46","0.33","78.54","0.5","119","46.49","-89.97","38","47","34","33","36","27","23"
"Jack Frost, PA","Pennsylvania","2000","1400","600","9","21","100","0.2","20","0.4","40","0.4","40","41.1","-75.66","45","46","47","46","43","49","40"
"Jackson Hole, WY","Wyoming","10450","6311","4139","12","116","2500","0.1","250","0.4","1000","0.5","1250","43.49","-110.75","28","38","33","30","28","17","22"
"Jay Peak, VT","Vermont","3968","1815","2153","9","78","385","0.2","77","0.4","154","0.4","154","44.97","-72.47","39","36","42","36","33","47","36"
"Jiminy Peak, MA","Massachusetts ","2380","1250","1150","9","45","170","0.22","37.4","0.45","76.5","0.33","56.1","42.55","-73.3","44","43","48","48","43","52","42"
"Kelly Canyon, ID","Idaho","6600","5600","1000","6","16","640","0.35","224","0.45","288","0.2","128","44.14","-112.7","32","29","28","22","20","12","13"
"Keystone, CO","Colorado","12408","9280","3128","20","135","3148","0.19","598.12","0.32","1007.36","0.49","1542.52","39.6","-105.95","33","49","46","36","40","26","31"
"Killington, VT","Vermont","4241","1165","3050","22","140","752","0.28","210.56","0.33","248.16","0.39","293.28","43.67","-72.78","44","41","45","43","40","51","41"
"Kirkwood, CA","California","9800","7800","2000","15","81","2300","0.15","345","0.5","1150","0.35","805","38.684","-120.068","44","45","42","40","30","30","33"
"Kissing Bridge, NY","New York","1750","1200","550","10","38","778","0.35","272.3","0.35","272.3","0.3","233.4","42.61","-78.65","42","45","47","40","46","55","34"
"Labrador Mountain, NY","New York","1825","1125","700","4","22","250","0.33","82.5","0.34","85","0.33","82.5","40.71","-74.01","51","52","55","56","50","57","49"
"Las Vegas, NV","Nevada","11289","8510","2300","4","30","195","0.1","19.5","0.45","87.75","0.45","87.75","36.12","-115.18","63","62","64","62","62","53","52"
"Liberty Mountain, PA","Pennsylvania","1190","800","600","8","16","100","0.35","35","0.4","40","0.25","25","41.51","-77.09","41","46","44","41","40","45","35"
"Little Ski Hill, ID","Idaho","5700","","405","1","5","40","0.35","14","0.45","18","0.2","8","44.93","-116.16","37","36","32","30","25","21","25"
"Little Switzerland, WI","Wisconsin","","","200","7","17","50","","0","","0","","0","43.79","-88.79","43","52","38","39","43","33","30"
"Lookout Pass, ID","Idaho","5650","4500","1150","4","34","540","0.2","108","0.5","270","0.3","162","47.47","-115.69","39","37","28","29","19","15","24"
"Loon, NH","New Hampshire ","3050","950","2100","12","61","370","0.2","74","0.6","222","0.2","74","43.8","-71.02","45","44","51","51","43","49","48"
"Lost Trail Powder, MT","Montana","8200","6400","1800","8","50","900","0.2","180","0.6","540","0.2","180","45.69","-111.06","37","44","35","34","22","13","22"
"Lost Valley, ME","Maine","","","240","2","17","45","0.3","13.5","0.5","22.5","0.2","9","44.12","-70.27","44","42","49","49","41","49","48"
"Loup Loup, WA","Washington","5280","4040","1240","4","10","300","0.2","60","0.3","90","0.5","150","48.29","-119.71","34","35","34","34","26","21","25"
"Loveland, CO","Colorado","13010","10800","2210","10","93","1800","0.13","234","0.41","738","0.46","828","40.41","-105.08","58","56","47","51","27","35","43"
"Lutsen Mountains, MN","Minnesota","1913","1088","825","10","92","986","0.18","177.48","0.47","463.42","0.35","345.1","46.73","-94.69","40","43","31","33","27","16","20"
"Mad River Glen, VT","Vermont","3637","1600","2037","5","45","915","0.3","274.5","0.3","274.5","0.4","366","44.57","-72.57","44","42","46","42","40","52","43"
"Mad River, OH","Ohio","1460","1160","300","14","24","144","0.22","31.68","0.34","48.96","0.44","63.36","39.91","-83.93","51","54","57","46","53","54","39"
"Magic Mountain, ID","Idaho","7240","6500","700","3","11","120","0.3","36","0.25","30","0.45","54","42.2","-114.41","46","37","37","30","23","29","30"
"Magic Mountain, VT","Vermont","2850","1150","1700","4","43","195","0.3","58.5","0.3","58.5","0.4","78","43.2","-72.77","39","37","44","42","37","47","37"
"Mammoth, CA","California","11053","7953","3100","28","150","3500","0.25","875","0.4","1400","0.35","1225","41.73","-121.37","48","51","44","45","36","35","39"
"Marquette Mountain, MI","Michigan","1357","757","600","4","25","169","0.15","25.35","0.5","84.5","0.35","59.15","46.53","-87.41","40","52","38","36","40","36","29"
"Massanutten, VA","Virginia","2925","1750","1110","7","14","70","0.3","21","0.35","24.5","0.35","24.5","38.41","-78.73","55","61","52","53","50","54","47"
"Maverick Mountain, MT","Montana","8820","6800","2020","2","24","210","0.2","42","0.35","73.5","0.45","94.5","45.45","-113.16","39","23","23","12","7","16","14"
"McCauley Mountain, NY ","New York","2260","1627","633","5","21","75","0.33","24.75","0.34","25.5","0.33","24.75","43.39","-74.89","40","39","44","42","40","48","37"
"Meadowlark, WY","Wyoming","9400","8300","1000","3","14","160","0.3","48","0.4","64","0.3","48","44.66","-93.17","48","51","36","40","35","24","27"
"Mission Ridge, WA","Washington","6820","4570","2250","6","36","2000","0.1","200","0.6","1200","0.3","600","47.34","-120.47","34","36","36","31","25","23","25"
"Mohawk Mountain, CT","Connecticut","1600","960","650","7","25","107","0.2","21.4","0.6","64.2","0.2","21.4","41.83","-73.31","44","44","48","49","43","52","43"
"Monarch, CO","Colorado","11952","10790","1162","7","64","800","0.14","112","0.28","224","0.58","464","38.54","-106.33","32","33","23","26","14","16","24"
"Mont du Lac, WI","Wisconsin","917","617","315","4","9","66","0.33","21.78","0.34","22.44","0.33","21.78","46.64","-92.29","43","48","35","35","33","24","24"
"Mont Ripley, MI","Michigan","","","440","3","24","112","0.22","24.64","0.3","33.6","0.48","53.76","47.11","-88.56","38","50","37","36","39","34","29"
"Montage Mountain, PA","Pennsylvania","1960","960","1000","7","30","140","0.35","49","0.25","35","0.4","56","41.35","-75.68","47","49","49","49","45","52","42"
"Montana Snowbowl, MT","Montana","7600","5000","2600","4","32","1200","0.1","120","0.4","480","0.5","600","46.99","-114.01","41","32","33","20","15","23","19"
"Moose Mountain, AK","Alaska","1987","680","1307","14","35","200","0.15","30","0.65","130","0.2","40","64.92","-147.94","14","9","9","6","-2","-4","8"
"Mount Ashwabay, WI","Wisconsin","1286","963","317","2","11","65","0.4","26","0.35","22.75","0.25","16.25","46.79","-90.9","42","46","36","36","36","29","26"
"Mount Bohemia, MI","Michigan","901","1","900","2","85","450","","0","0.07","31.5","0.93","418.5","47.4","-88","38","49","38","37","38","36","31"
"Mount Kato, MN","Minnesota","540","300","240","8","19","55","0.24","13.2","0.59","32.45","0.17","9.35","44.15","-94.04","53","55","38","43","35","25","30"
"Mount Pleasant of Edinboro, PA","Pennsylvania","1550","1230","320","3","8","25","0.2","5","0.7","17.5","0.1","2.5","41.85","-80.07","42","48","49","41","45","50","35"
"Mount Rose, CA","California","9700","7900","1800","6","43","1200","0.2","240","0.3","360","0.5","600","39.34","-119.92","38","39","33","33","25","13","25"
"Mount Snow, VT","Vermont","3600","1900","1700","20","80","588","0.14","82.32","0.73","429.24","0.13","76.44","42.97","-72.93","39","36","46","44","39","49","39"
"Mount Sunapee, NH","New Hampshire ","2743","1230","1510","11","66","232","0.26","60.32","0.49","113.68","0.25","58","43.35","-72.07","44","41","47","46","39","47","41"
"Mountain Creek, NJ","New Jersey","1480","440","1040","9","41","167","0.2","33.4","0.57","95.19","0.23","38.41","40.84","-74.82","50","49","50","51","47","52","45"
"Mountain High, CA","California","8200","6600","1600","12","28","290","0.25","72.5","0.4","116","0.35","101.5","41.96","-122.44","55","54","51","49","40","40","43"
"Mt Shasta, CA","California","","","","5","32","425","0.2","85","0.55","233.75","0.25","106.25","41.31","-122.29","50","50","44","43","32","33","35"
"Mt. Abram , ME","Maine","2001","971","1150","5","44","560","0.28","156.8","0.48","268.8","0.24","134.4","44.38","-70.72","40","39","47","44","38","44","43"
"Mt. Ashland, OR","Oregon","7500","6350","1150","4","23","200","0.05","10","0.2","40","0.75","150","42.09","-122.72","52","50","43","40","33","32","34"
"Mt. Aurora, AK","Alaska","","","1050","3","","100","0.2","20","0.4","40","0.4","40","63.52","-146.54","1","-4","-9","-1","-1","-3","4"
"Mt. Bachelor, OR","Oregon","9065","6300","3365","14","71","3683","0.15","552.45","0.25","920.75","0.6","2209.8","43.99","-121.68","52","37","30","25","18","18","21"
"Mt. Baker, WA","Washington","5050","3500","1500","10","38","1000","0.24","240","0.45","450","0.31","310","48.78","-121.81","30","24","17","15","6","8","8"
"Mt. Brighton, MI","Michigan","1331","1100","230","18","26","130","0.3","39","0.4","52","0.3","39","42.53","-83.82","45","53","44","41","48","49","35"
"Mt. Crescent, IA","Iowa","1500","1200","300","2","9","50","0.33","16.5","0.34","17","0.33","16.5","45.6","-107.45","49","41","42","28","19","24","22"
"Mt. Holiday, MI","Michigan","","","200","4","12","20","","0","","0","","0","44.75","-85.53","40","56","37","41","46","46","33"
"Mt. Holly, MI","Michigan","","","350","14","18","100","0.22","22","0.39","39","0.39","39","42.82","-83.58","44","52","44","41","47","49","35"
"Mt. Hood Meadows, OR","Oregon","7300","4523","2777","13","85","2150","0.15","322.5","0.5","1075","0.35","752.5","45.33","-121.66","47","43","33","34","26","26","28"
"Mt. Hood Skibowl, OR","Oregon","5027","3600","1500","9","65","960","0.2","192","0.4","384","0.4","384","45.37","-121.7","47","34","26","27","21","20","21"
"Mt. La Crosse, WI","Wisconsin","1110","594","516","4","18","100","0.3","30","0.4","40","0.3","30","43.79","-91.24","48","53","39","40","40","28","31"
"Mt. Lemmon, AZ","Arizona ","9150","8200","950","3","21","200","0.2","40","0.38","76","0.42","84","32.45","-110.76","42","44","46","48","40","43","46"
"Mt. Peter, NY","New York","1250","750","450","4","14","60","0.33","19.8","0.34","20.4","0.33","19.8","41.23","-74.29","48","49","49","51","46","52","45"
"Mt. Pisgah, NY","New York","2500","2100","400","2","5","15","","0","0.8","12","0.2","3","44.33","-74.14","41","40","44","37","37","48","36"
"Mt. Rose Ski Tahoe, NV","Nevada","9700","8260","1800","8","60","1200","0.2","240","0.7","840","0.1","120","38.81","-116.41","46","50","45","46","41","31","39"
"Mt. Southington, CT ","Connecticut","525","100","425","7","14","51","0.33","16.83","0.42","21.42","0.25","12.75","41.61","-72.94","48","48","52","53","46","53","47"
"Mt. Spokane, WA","Washington","5889","4200","2000","5","45","1425","0.23","327.75","0.45","641.25","0.32","456","47.93","-117.12","35","30","28","28","18","16","22"
"Mt. Zion, MI","Michigan","1400","1100","300","2","10","20","0.25","5","0.5","10","0.25","5","46.47","-90.16","38","47","34","33","35","26","23"
"Mulligan's Hollow, MI","Michigan","1300","870","330","5","6","7","0.5","3.5","0.5","3.5","","0","43.06","-86.22","43","50","44","42","48","47","34"
"Mystic Mountain, PA","Pennsylvania","2030","1730","300","3","6","25","0.4","10","0.35","8.75","0.25","6.25","39.57","-79.19","43","49","52","41","43","49","35"
"Nashoba Valley, MA","Massachusetts ","440","200","240","9","17","59","0.2","11.8","0.47","27.73","0.33","19.47","42.48","-71.49","49","48","54","54","46","54","50"
"New Hermon, ME","Maine","450","100","350","3","18","75","0.4","30","0.3","22.5","0.3","22.5","44.44","-69.52","44","41","50","49","40","49","49"
"Nordic Mountain, WI","Wisconsin","1137","872","265","6","16","60","0.15","9","0.5","30","0.35","21","45.19","-88.49","44","51","38","36","40","33","27"
"Northstat, CA","California","8610","6800","1810","20","17","3170","0.13","412.1","0.6","1902","0.27","855.9","38.58","-121.75","68","66","68","63","60","58","57"
"Nubs Nob, MI","Michigan","1338","911","427","11","53","248","0.31","76.88","0.48","119.04","0.21","52.08","45.47","-84.91","37","50","37","36","40","41","30"
"Ober Gatlinburg, TN","Tennessee","3300","2700","600","5","9","32","0.25","8","0.5","16","0.25","8","35.51","-86.59","63","64","62","57","64","62","50"
"Okemo Mountain, VT","Vermont","3344","1144","2200","19","119","632","0.32","202.24","0.36","227.52","0.32","202.24","43.41","-72.72","45","43","47","44","42","53","42"
"Otis Ridge, MA","Massachusetts ","1700","1300","400","5","11","60","0.3","18","0.4","24","0.3","18","42.2","-73.11","43","42","48","49","43","52","43"
"Pajarito, NM","New Mexico","10440","9000","1200","6","40","300","0.2","60","0.5","150","0.3","90","35.91","-106.14","50","52","49","52","45","41","50"
"Park City Mt, UT","Utah","10000","6800","3200","41","344","7300","0.09","657","0.51","3723","0.4","2920","40.68","-111.48","44","36","34","31","20","26","32"
"Pats Peak, NH","New Hampshire ","1400","690","710","10","23","90","0.5","45","0.18","16.2","0.32","28.8","43.2","-71.56","48","45","53","51","44","51","48"
"Pebble Creek, ID","Idaho","8560","6300","2200","3","54","1100","0.12","132","0.35","385","0.53","583","42.74","-112.03","36","33","31","29","19","24","27"
"Peek 'n Peak, NY","New York","1800","1400","400","8","27","105","0.26","27.3","0.52","54.6","0.22","23.1","42.06","-79.74","43","47","48","40","46","57","34"
"Perfect North, IN","Indiana","800","400","400","11","23","100","0.25","25","0.5","50","0.25","25","40.78","-89.62","52","56","44","45","52","39","36"
"Petoskey, MI","Michigan","","","200","1","1","36","","0","1","36","","0","45.36","-84.95","38","51","37","37","42","42","30"
"Pico Mountain, VT","Vermont","3967","2000","1967","7","50","214","0.2","42.8","0.48","102.72","0.32","68.48","43.86","-72.88","39","37","41","40","35","47","37"
"Pine Knob, MI","Michigan","1300","1000","300","12","17","85","0.3","25.5","0.35","29.75","0.35","29.75","42.75","-83.38","44","52","44","41","46","49","34"
"Pine Mountain, MI","Michigan","1650","1150","500","5","27","340","0.3","102","0.4","136","0.3","102","45.84","-88.09","41","51","36","36","39","33","27"
"Plattekill Mountain","New York","3300","2200","1100","4","38","75","0.2","15","0.4","30","0.4","30","42.27","-74.64","40","43","46","44","40","47","38"
"Pomerelle Mountain, ID","Idaho","9000","8000","1000","3","24","500","0.35","175","0.4","200","0.25","125","42.32","-113.61","47","39","41","34","27","32","34"
"Powder Mt, UT","Utah","9105","6900","2205","7","135","2800","0.25","700","0.4","1120","0.35","980","40.15","-112.18","44","42","40","39","27","32","38"
"Powder Ridge, MN","Minnesota","","","310","6","15","60","0.4","24","0.4","24","0.2","12","45.33","-94.31","46","47","34","37","30","20","24"
"Powderhorn, CO","Colorado","9850","8200","1650","4","43","1600","0.2","320","0.5","800","0.3","480","38.28","-107.1","45","46","39","42","30","33","39"
"Purgatory, CO","Colorado","10822","8739","2083","10","85","1200","0.23","276","0.51","612","0.26","312","39.46","-106.08","40","36","28","30","17","22","30"
"Ragged Mountain, NH","New Hampshire ","2250","1000","1250","5","45","220","0.3","66","0.4","88","0.3","66","43.47","-71.83","41","39","46","44","38","44","40"
"Red Lodge Mountain, MT","Montana","9416","7016","2400","7","65","1565","0.17","266.05","0.45","704.25","0.38","594.7","45.16","-109.29","48","37","34","23","14","21","21"
"Red River, NM","New Mexico","10350","8750","1600","7","57","290","0.32","92.8","0.38","110.2","0.3","87","36.72","-105.41","38","42","35","37","29","31","38"
"Roundtop, PA","Pennsylvania","1400","800","600","10","16","100","0.38","38","0.32","32","0.3","30","41.34","-76.5","41","47","44","44","41","47","38"
"Royal Mountain, NY","New York","1800","1250","550","3","13","30","0.33","9.9","0.34","10.2","0.33","9.9","43.04","-74.51","42","43","46","45","41","50","39"
"Saddleback, ME","Maine","4120","2460","2000","5","66","220","0.38","83.6","0.29","63.8","0.33","72.6","44.11","-68.54","51","44","51","51","43","51","51"
"Sandia Peak, NM","New Mexico","10378","8678","1700","6","30","200","0.35","70","0.55","110","0.1","20","35.21","-106.45","32","35","33","35","25","32","28"
"Sapphire Valley, NC","North Carolina","3500","3300","200","3","2","7","0.5","3.5","0.5","3.5","","0","35.1261","-83.0585","59","58","57","54","54","54","52"
"Sawkill, NY","New York","","","70","1","2","6","0.7","4.2","0.3","1.8","","0","41.6","-74.18","48","51","52","54","48","56","48"
"Schweitzer Mountain, ID","Idaho","6400","4000","2400","9","92","2900","0.1","290","0.4","1160","0.5","1450","48.35","-116.59","31","28","30","19","16","22","15"
"Seven Oaks, IA","Iowa","","","275","4","11","30","0.4","12","0.4","12","0.2","6","41.46","-91.06","51","54","42","45","50","34","35"
"Seven Springs, PA","Pennsylvania","2994","2240","750","10","33","285","0.35","99.75","0.4","114","0.25","71.25","40.02","-79.29","42","46","53","41","45","50","35"
"Shanty Creek , MI","Michigan","1125","675","450","12","55","400","0.37","148","0.3","120","0.33","132","44.92","-85.18","38","52","35","39","43","44","32"
"Shawnee Mountain, PA","Pennsylvania","1350","650","700","12","23","125","0.25","31.25","0.5","62.5","0.25","31.25","41.03","-75.07","50","50","49","51","46","52","44"
"Shawnee Peak, ME","Maine","1700","400","1300","5","40","249","0.25","62.25","0.5","124.5","0.25","62.25","44.06","-70.81","44","43","50","49","42","48","47"
"Showdown Montana, MT","Montana","8200","6800","1400","4","34","640","0.3","192","0.4","256","0.3","192","46.84","-110.69","37","26","23","6","4","11","7"
"Sierra at Tahoe, CA","California","8852","6640","2212","14","46","2000","0.25","500","0.5","1000","0.25","500","38.81","-120.07","47","44","43","33","32","35","32"
"Silver Mountain, ID","Idaho","6300","4100","2200","7","73","1600","0.2","320","0.4","640","0.4","640","48.96","-116.74","29","25","24","15","10","16","9"
"Silverton, CO","Colorado","13487","10400","3087","1","69","1819","0","0","0","0","1","1819","37.82","-107.66","44","44","37","35","23","30","35"
"Sipapu, NM","New Mexico","9255","8200","1055","5","41","200","0.2","40","0.4","80","0.4","80","36.15","-105.55","40","44","38","42","34","35","41"
"Ski Apache, NM","New Mexico","12000","10100","1900","11","55","750","0.2","150","0.6","450","0.2","150","33.4","-105.78","24","36","37","39","32","37","35"
"Ski Bluewood, WA","Washington","5670","4545","1125","3","24","430","0.27","116.1","0.43","184.9","0.3","129","47.75","-120.74","37","38","34","29","28","30","24"
"Ski Bradford, MA","Massachusetts ","1548","1300","248","10","15","48","0.1","4.8","0.8","38.4","0.1","4.8","42.76","-71.06","50","48","56","55","46","55","52"
"Ski Brule, MI","Michigan","1861","1361","500","11","17","150","0.2","30","0.5","75","0.3","45","44.32","-85.6","37","51","33","37","42","41","28"
"Ski Butternut, MA","Massachusetts ","1800","800","1000","11","22","110","0.2","22","0.6","66","0.2","22","42.4","-71.39","51","49","55","56","48","55","52"
"Ski Cooper, CO","Colorado","11700","10500","1200","5","26","400","0.3","120","0.4","160","0.3","120","39.36","-106.3","41","36","28","30","19","22","30"
"Ski Denton, PA","Pennsylvania","2500","1850","650","4","22","75","0.35","26.25","0.35","26.25","0.3","22.5","41.19","-77.21","50","54","49","50","48","53","44"
"Ski Granby, CO","Colorado","9202","8202","1000","5","33","406","0.5","203","0.3","121.8","0.2","81.2","39.92","-105.79","45","42","33","38","22","27","37"
"Ski Mystic, SD","South Dakota","6850","6000","850","4","44","300","0.4","120","0.4","120","0.2","60","44.08","-103.63","60","45","41","34","17","26","30"
"Ski Santa Fe, NM","New Mexico","12075","10350","1725","7","74","660","0.2","132","0.4","264","0.4","264","35.72","-105.89","42","45","41","44","36","35","41"
"Ski Sawmill, PA","Pennsylvania","2215","1700","515","5","12","15","0.33","4.95","0.34","5.1","0.33","4.95","41.52","-77.29","42","47","44","43","41","47","37"
"Ski Sundown, CT","Connecticut","1075","450","625","5","15","65","0.5","32.5","0.25","16.25","0.25","16.25","41.6","-73.09","47","48","52","53","46","55","48"
"Ski Ward, MA ","Massachusetts ","410","200","220","6","9","45","0.3","13.5","0.6","27","0.1","4.5","42.4","-71.39","51","49","55","56","48","55","52"
"Sleeping Giant, WY","Wyoming","7428","6619","810","3","49","184","0.15","27.6","0.41","75.44","0.44","80.96","44.52","-109.84","36","21","16","15","3","10","14"
"Smuggler's Notch, VT","Vermont","3640","1030","2610","8","78","1000","0.19","190","0.5","500","0.31","310","44.55","-72.79","37","34","39","37","32","45","34"
"Snow Creek, MO","Missouri","1100","850","300","6","12","25","0.3","7.5","0.6","15","0.1","2.5","36.98","-90.36","55","57","56","54","62","55","48"
"Snow King, WY","Wyoming","7808","6237","1571","5","31","400","0.15","60","0.25","100","0.6","240","43.46","-110.76","38","28","25","23","12","17","23"
"Snow Ridge, NY","New York","2000","1350","500","6","22","130","0.2","26","0.55","71.5","0.25","32.5","42.03","-74.09","49","50","49","51","46","53","45"
"Snow Snake, MI","Michigan","1230","1020","210","6","12","40","0.3","12","0.5","20","0.2","8","44.32","-85.6","37","51","33","37","42","41","28"
"Snow Trails, OH","Ohio","1475","1174","300","7","17","80","0.2","16","0.6","48","0.2","16","40.67","-82.51","44","50","52","41","48","50","35"
"Snowbasin MT, UT","Utah","9350","6400","2950","10","113","3000","0.2","600","0.5","1500","0.3","900","39.32","-111.09","40","37","32","32","20","23","25"
"Snowbird, UT","Utah","11000","7600","3400","12","89","2500","0.27","675","0.38","950","0.35","875","40.58","-111.65","35","24","22","22","9","15","20"
"Snowhaven, ID","Idaho","5600","5200","400","2","9","40","0.75","30","0.25","10","0","0","45.87","-116.09","39","29","30","21","18","21","19"
"Snowmass, CO","Colorado","12510","8104","4406","21","91","3362","0.06","201.72","0.5","1681","0.44","1479.28","39.18","-106.94","36","33","24","27","16","19","26"
"Snowshoe Mountain, WV","West Virginia ","4848","3348","1500","15","60","230","0.42","96.6","0.3","69","0.28","64.4","38.61","-80.45","47","51","59","45","53","55","40"
"Snowstar, IL","Illinois","790","528","262","6","14","28","0.25","7","0.5","14","0.25","7","40.63","-89.39","52","55","45","44","52","40","36"
"Snowy Range, WY","Wyoming","10000","9000","1000","5","27","250","0.3","75","0.4","100","0.3","75","41.17","-106.24","44","34","26","28","12","18","27"
"Soldier Mountain, ID","Idaho","7150","5740","1410","3","36","1150","0.25","287.5","0.6","690","0.15","172.5","44.71","-115.09","77","77","77","77","77","77","77"
"Solitude, UT","Utah","10035","7988","2047","7","65","1200","0.2","240","0.5","600","0.3","360","40.63","-111.59","39","29","27","25","13","20","25"
"Song Mountain, NY","New York","1940","1240","700","5","24","100","0.58","58","0.29","29","0.13","13","42.78","-76.18","42","45","46","41","40","48","35"
"Spirit Mountain, MN","Minnesota","1320","620","700","8","22","175","0.32","56","0.32","56","0.36","63","46.71","-92.23","42","48","35","35","33","24","23"
"Spout Springs, OR","Oregon","5500","4850","635","2","16","250","0.45","112.5","0.35","87.5","0.2","50","45.75","-118.05","36","30","30","21","20","23","20"
"Spring Mountain, PA","Pennsylvania","528","108","420","6","8","100","0.4","40","0.4","40","0.2","20","40.26","-75.45","53","51","53","54","49","55","46"
"Squaw Valley, CA","California","9050","6200","2850","30","170","3600","0.25","900","0.45","1620","0.3","1080","36.74","-119.25","64","60","59","53","48","52","51"
"Standing Rocks, WI","Wisconsin","","","125","3","5","300","0.25","75","0.5","150","0.25","75","44.43","-89.41","43","50","38","37","40","30","28"
"Steamboat, CO","Colorado","10568","6900","3668","18","165","2965","0.14","415.1","0.42","1245.3","0.44","1304.6","40.8","-106.95","40","36","28","31","18","21","30"
"Stevens Pass, WA","Washington","5845","4601","1800","10","37","1125","0.11","123.75","0.54","607.5","0.35","393.75","47.75","-121.09","36","32","29","20","19","23","16"
"Stowe Mountain, VT","Vermont","4395","1280","2160","13","116","485","0.16","77.6","0.59","286.15","0.25","121.25","42.75","-72.74","44","42","49","49","43","51","43"
"Stratton Mountain, VT","Vermont","3875","1872","2003","11","95","625","0.41","256.25","0.33","206.25","0.26","162.5","43.12","-72.9","42","39","47","46","40","50","40"
"Sugar Bowl, CA","California","8383","6883","1500","13","103","1650","0.17","280.5","0.45","742.5","0.38","627","39.27","-120.3","43","41","40","29","29","31","28"
"Sugar Mountain, NC","North Carolina","5300","4100","1200","8","20","115","0.4","46","0.4","46","0.2","23","36.12","-81.86","46","54","49","41","44","45","39"
"Sugarbush, VT","Vermont","4083","1483","2600","16","111","578","0.2","115.6","0.45","260.1","0.35","202.3","44.12","-72.83","41","40","45","40","38","50","40"
"Sugarloaf, ME","Maine","4237","1417","2820","15","145","1670","0.23","384.1","0.33","551.1","0.44","734.8","44.56","-70.43","40","41","49","46","40","47","46"
"Suicide Six, VT","Vermont","1200","550","650","3","23","100","0.3","30","0.4","40","0.3","30","44.57","-72.57","44","42","46","42","40","52","43"
"Summit, OR","Oregon","4300","4000","306","2","6","70","0.75","52.5","0.25","17.5","0","0","44.63","-123.58","50","47","47","44","43","45","41"
"Sun Valley, ID","Idaho","9150","5750","3400","20","75","2054","0.36","739.44","0.42","862.68","0.22","451.88","43.69","-114.36","36","28","23","16","12","16","17"
"Sunburst, WI","Wisconsin","1100","866","214","9","10","35","0.2","7","0.35","12.25","0.45","15.75","43.18","-89.3","46","53","38","41","45","34","32"
"Sundance, UT","Utah","8250","6100","2150","5","42","450","0.2","90","0.4","180","0.4","180","40.41","-111.58","42","36","33","31","19","26","31"
"Sunday River, ME","Maine","3140","800","2340","16","132","667","0.33","220.11","0.36","240.12","0.31","206.77","44.46","-70.8","40","41","50","46","40","47","45"
"Sundown Mountain, IA","Iowa","1059","584","475","6","21","55","0.4","22","0.4","22","0.2","11","41.89","-93.1","51","54","41","46","44","29","35"
"Sunlight, CO ","Colorado","9895","7885","2010","3","67","470","0.2","94","0.55","258.5","0.25","117.5","39.4","-107.34","41","40","34","36","24","27","35"
"Sunrise Park, AZ","Arizona ","1100","9200","1800","8","65","800","0.4","320","0.4","320","0.2","160","34.02","-109.53","35","44","42","40","30","38","39"
"Swain, NY","New York","1970","1320","650","5","30","100","0.39","39","0.28","28","0.33","33","42.49","-77.87","45","49","49","43","46","55","37"
"Swiss Valley, MI","Michigan","1200","975","225","7","11","60","0.2","12","0.6","36","0.2","12","44.32","-85.6","37","51","33","37","42","41","28"
"Tamarack, ID","Idaho","7700","4900","2800","7","32","900","0.15","135","0.44","396","0.41","369","44.95","-116.39","35","36","31","28","24","27","27"
"Taos Ski, NM","New Mexico","11819","9207","2612","13","110","1294","0.24","310.56","0.25","323.5","0.51","659.94","36.44","-105.61","45","48","42","45","38","35","44"
"Telluride, CO","Colorado","13320","8750","4570","18","118","2000","0.23","460","0.36","720","0.41","820","37.94","-107.82","45","43","36","36","24","31","35"
"Terry Peak, SD","South Dakota","7052","5900","1100","5","30","450","0.2","90","0.6","270","0.2","90","44.33","-103.83","54","36","32","25","7","17","22"
"Teton Pass, MT","Montana","8600","6190","1000","3","36","114","0.45","51.3","0.35","39.9","0.2","22.8","47.97","-112.9","39","24","23","4","4","10","2"
"The Homestead, MI","Michigan","875","500","375","5","15","16","0.25","4","0.55","8.8","0.2","3.2","42.73","-85.65","44","50","42","41","47","47","31"
"The Homestead, VA","Virginia","3200","2500","700","5","9","45","0.34","15.3","0.33","14.85","0.33","14.85","38.15","-78.57","61","63","55","59","54","58","53"
"The Rock, WI","Wisconsin","290","245","60","5","8","75","0.2","15","0.5","37.5","0.3","22.5","42.62","-89.01","48","55","40","41","48","36","33"
"The Summit at Snoqualmie, WA","Washington","5420","2610","2280","25","96","1981","0.14","277.34","0.45","891.45","0.41","812.21","47.75","-120.74","37","38","34","29","28","30","24"
"Thunder Ridge, NY","New York","","","600","7","30","100","0.4","40","0.4","40","0.2","20","41.39","-73.23","49","49","52","54","47","54","48"
"Timber Ridge, MI ","Michigan","","","240","10","15","50","0.2","10","0.7","35","0.1","5","45.08","-85.11","37","52","36","39","43","43","31"
"Timberline Four Seasons, WV","West Virginia ","4268","3268","1000","4","37","100","0.34","34","0.32","32","0.34","34","38.61","-80.45","47","51","59","45","53","55","40"
"Timberline, OR","Oregon","8540","4850","3690","9","41","1415","0.25","353.75","0.5","707.5","0.25","353.75","45.31","-121.74","44","34","34","26","27","29","25"
"Titcomb Mountain, ME","Maine","750","400","350","2","16","45","0.3","13.5","0.4","18","0.3","13.5","44.65","-70.17","40","42","51","48","41","48","48"
"Titus Mountain, NY","New York","2025","1240","1200","10","42","80","0.35","28","0.36","28.8","0.29","23.2","44.76","-74.23","40","40","42","35","34","48","34"
"Toggenburg, NY","New York","1780","1260","520","5","21","83","0.2","16.6","0.5","41.5","0.3","24.9","42.82","-75.96","43","46","47","44","42","50","38"
"Treetops, MI","Michigan","1345","1120","225","5","23","80","0.3","24","0.5","40","0.2","16","45","-84.62","35","53","35","37","41","42","29"
"Trollhaugem, WI","Wisconsin","1200","940","260","10","22","90","0.29","26.1","0.43","38.7","0.28","25.2","43.79","-88.79","43","52","38","39","43","33","30"
"Turner Mountain, MT","Montana","5952","3842","2100","1","25","1000","0.1","100","0.3","300","0.6","600","48.61","-115.67","36","29","31","18","14","20","15"
"Tussey Mountain, PA","Pennsylvania","1810","1310","500","5","7","50","0.3","15","0.45","22.5","0.25","12.5","39.8","-78.55","44","48","49","43","43","47","36"
"Tuxedo Ridge, NY","New York","1400","950","400","4","7","100","0.2","20","0.7","70","0.1","10","41.33","-74.12","49","50","51","53","48","54","47"
"Tyrol Basin, WI","Wisconsin","1160","860","300","6","16","24","","0","","0","","0","43.79","-88.79","43","52","38","39","43","33","30"
"Vail, CO","Colorado","11570","8120","3450","31","193","5289","0.18","952.02","0.29","1533.81","0.53","2803.17","39.64","-106.36","43","40","32","35","23","26","34"
"Villa Olivia, IL","Illinois","","","180","7","7","15","0.4","6","0.5","7.5","0.1","1.5","40.63","-89.39","52","55","45","44","52","40","36"
"Wachusett Mountain, MA","Massachusetts ","2006","990","1000","8","22","110","0.3","33","0.4","44","0.3","33","42.49","-71.88","47","45","50","51","44","51","45"
"Warner Canyon, OR","Oregon","6000","5720","1000","1","22","200","0.51","102","0.46","92","0.03","6","42.25","-120.37","77","77","77","77","77","77","77"
"Waterville Valley, NH","New Hampshire ","4004","1984","2020","10","52","220","0.2","44","0.6","132","0.2","44","43.96","-71.5","38","39","47","44","38","44","42"
"Welch Village, MN","Minnesota","1060","700","360","10","60","140","0.31","43.4","0.5","70","0.19","26.6","44.56","-92.74","48","52","38","41","37","25","29"
"West Mountain, NY","New York","1470","460","1010","8","40","124","0.36","44.64","0.55","68.2","0.09","11.16","43.38","-73.96","42","41","44","43","40","48","38"
"Whaleback, NH","New Hampshire ","1800","1100","700","4","30","85","0.28","23.8","0.39","33.15","0.33","28.05","44.82","-71.05","39","38","47","43","36","44","42"
"White Pass, WA","Washington","6550","4500","2050","8","47","1402","0.15","210.3","0.65","911.3","0.2","280.4","46.64","-121.39","39","31","30","23","23","25","20"
"White Pine, WY","Wyoming","9500","8400","1100","2","25","370","0.25","92.5","0.45","166.5","0.3","111","43.7","-121.59","50","43","40","32","32","36","32"
"Whitecap Mountains, WI","Wisconsin","1750","1350","400","9","43","500","0.33","165","0.33","165","0.34","170","43.79","-88.79","43","52","38","39","43","33","30"
"Whiteface Mountain, NY","New York","4650","1220","3430","11","86","283","0.2","56.6","0.43","121.69","0.37","104.71","44.37","-73.89","34","38","36","35","29","39","28"
"Whitefish Mountain, MT","Montana","6817","4464","2353","13","98","3000","0.15","450","0.35","1050","0.5","1500","48.76","-114.59","30","21","23","7","4","10","3"
"Whitetail Mountain, PA","Pennsylvania","1800","865","935","9","23","109","0.22","23.98","0.53","57.77","0.25","27.25","41.33","-75.98","47","49","49","48","45","51","41"
"Wild Mountain, MN","Minnesota","1113","813","300","7","25","100","0.33","33","0.34","34","0.33","33","45.48","-92.72","45","49","36","37","33","23","25"
"Wildcat Mountain, NH","New Hampshire ","4062","1950","2112","5","49","225","0.25","56.25","0.45","101.25","0.3","67.5","44.27","-71.21","36","31","41","36","30","37","34"
"Willamette Pass, OR","Oregon","6683","5120","1563","6","29","555","0.21","116.55","0.45","249.75","0.34","188.7","43.61","-122.03","44","37","32","24","25","29","25"
"Willard Mountain, NY","New York","1415","910","505","4","14","85","0.3","25.5","0.4","34","0.3","25.5","43.02","-73.52","43","43","47","47","42","51","42"
"Wilmot Mountain, WI","Wisconsin","","","230","8","25","120","0.3","36","0.3","36","0.4","48","43.79","-88.79","43","52","38","39","43","33","30"
"Windham Mountain, NY","New York","3100","1500","1600","10","49","269","0.3","80.7","0.45","121.05","0.25","67.25","42.36","-74.29","39","39","44","42","37","45","35"
"Winter Park, CO","Colorado","12060","9000","3060","24","142","3078","0.08","246.24","0.37","1138.86","0.55","1692.9","39.88","-105.75","41","38","29","33","17","22","32"
"Wintergreen, VA","Virginia","3515","2512","1003","7","26","129","0.23","29.67","0.35","45.15","0.42","54.18","37.89","-78.9","59","61","54","56","53","57","51"
"Winterplace, WV","West Virginia ","3600","2997","693","11","28","90","0.41","36.9","0.44","39.6","0.15","13.5","37.88","-81.12","48","53","60","46","53","55","43"
"Wisp, MD","Maryland","3115","2415","700","14","32","132","0.41","54.12","0.28","36.96","0.31","40.92","39.14","-76.7","56","58","56","57","52","58","50"
"Wolf Creek, CO","Colorado","11904","10300","1604","7","77","1600","0.2","320","0.45","720","0.35","560","37.4","-106.6","32","35","26","24","17","21","24"
"Wolf Mt, UT","Utah","6400","5400","1000","4","22","110","0.35","38.5","0.45","49.5","0.2","22","40.48","-111.02","37","27","23","21","9","17","20"
"Wolf Ridge, NC","North Carolina","4700","4000","700","5","22","72","0.55","39.6","0.36","25.92","0.09","6.48","35.1660","-82.9360","58","57","56","54","53","54","51"
"Woodbury, CT","Connecticut","850","550","300","6","15","100","0.33","33","0.34","34","0.33","33","41.55","-73.22","49","50","53","55","48","57","49"
"Woods Valley, NY","New York","1400","900","500","3","11","25","0.2","5","0.6","15","0.2","5","43.59","-73.67","44","45","44","46","41","49","41"
"Yawgoo, RI","Rhode Island","315","70","245","4","12","36","0.5","18","0.3","10.8","0.2","7.2","41.52","-71.57","54","49","57","57","48","57","53"
