address,location/lat,location/lng,name,numberOfGuests,roomType,stars,url
"Jackson, Wyoming, United States",43.473,-110.755,Outpost: Grand View 334 - AC and Teton Views,8,Entire condo,5,https://www.airbnb.com/rooms/15494203
"Lander, Wyoming, United States",42.48706,-108.82607,"Rock Shop Inn, Trailhead Cabin.",4,Entire cabin,5,https://www.airbnb.com/rooms/47814814
"Wilson, Wyoming, United States",43.5115,-110.8489,"Sheepherder Wagon in Bed & Breakfast, Jackson Hole",2,Tiny home,5,https://www.airbnb.com/rooms/13378131
"Wilson, Wyoming, United States",43.53237,-110.8452,Gorgeous Condo + Teton Sports Club,6,Entire condo,,https://www.airbnb.com/rooms/30086847
"Ten Sleep, Wyoming, United States",44.03421,-107.46068,Signal Cliff Overlook,5,Farm stay,4.5,https://www.airbnb.com/rooms/44048149
"Jackson, Wyoming, United States",43.46788,-110.78774,Mountain Hideaway,4,Entire place,,https://www.airbnb.com/rooms/49213051
"Teton Village, Wyoming, United States",43.58239,-110.83475,"JHRL - Nez Perce A2 - Beautifully renovated, 1st floor condo",6,Entire condo,5,https://www.airbnb.com/rooms/52988933
"Wilson, Wyoming, United States",43.53453,-110.844,JHRL - Aspens Dogwood 2721 - Quiet Family Retreat,7,Entire condo,4.5,https://www.airbnb.com/rooms/27750793
"Greybull, Wyoming, United States",44.48768,-108.05347,Boho vibe near Big Horn Mountains,6,Entire home,5,https://www.airbnb.com/rooms/48890263
"Sheridan, Wyoming, United States",44.78844,-106.95537,Enjoy TWO Modern Main Street Suites,10,Entire rental unit,4.5,https://www.airbnb.com/rooms/52520950
"Jackson, Wyoming, United States",43.47532,-110.75577,Clark's Knoll Townhouse,10,Entire townhouse,5,https://www.airbnb.com/rooms/21606370
"Teton Village, Wyoming, United States",43.58164,-110.83535,"JHRL - Teewinot D4, Great Slopeside Location",7,Entire condo,,https://www.airbnb.com/rooms/27756841
"Powell, Wyoming, United States",44.68808,-108.90739,"Eaglenest Guest Getaway, minutes to Cody",7,Entire guest suite,5,https://www.airbnb.com/rooms/26518563
"Teton Village, Wyoming, United States",43.58169,-110.83621,Moose Creek 13 - Private Hot Tub!,8,Entire condo,5,https://www.airbnb.com/rooms/29239407
"Jackson, Wyoming, United States",43.475,-110.755,Outpost: Grand Vista 425 - Snow King Location!,8,Entire condo,4.5,https://www.airbnb.com/rooms/23854069
"Teton Village, Wyoming, United States",43.58195,-110.83758,"JHRL - Moose Creek #12, Private Hot Tub",7,Entire townhouse,5,https://www.airbnb.com/rooms/27756796
"Pinedale, Wyoming, United States",42.8774,-109.96859,The Wild Rose a fantastic Wyoming experience,6,Entire home,5,https://www.airbnb.com/rooms/34855444
"Jackson, Wyoming, United States",43.48352,-110.76568,Best little secret in Jackson Hole,4,Entire condo,5,https://www.airbnb.com/rooms/43897637
"Teton Village, Wyoming, United States",43.58189,-110.83475,"JHRL - Teewinot C5, Slopeside top-floor condominium",6,Entire condo,4.5,https://www.airbnb.com/rooms/27756708
"Buffalo, Wyoming, United States",44.33618,-106.71037,"Cozy A-frame, free Wifi",6,Entire home,5,https://www.airbnb.com/rooms/46387293
"Wilson, Wyoming, United States",43.53261,-110.84611,Jackson Hole Ski Chalet,7,Entire loft,,https://www.airbnb.com/rooms/21515194
"Jackson, Wyoming, United States",43.50488,-110.7711,Outpost: Harvest Dance 3185 - Teton Views,8,Entire condo,5,https://www.airbnb.com/rooms/36596228
"Alcova, Wyoming, United States",42.5224,-107.09377,RUSTIC 6 BEDROOM LODGE NEAR PATHFINDER RESERVOIR,11,Entire cabin,,https://www.airbnb.com/rooms/52314672
"Jackson, Wyoming, United States",43.4717,-110.75371,Grand View Studio (off-site),4,Room in hotel,,https://www.airbnb.com/rooms/51956525
"Jackson, Wyoming, United States",43.47714,-110.7674,Luxury Suite,2,Room in hotel,4.5,https://www.airbnb.com/rooms/31041683
"Jackson, Wyoming, United States",43.47481,-110.75561,Outpost: Clark's Knoll 371 - Walk to Town Square,8,Entire townhouse,5,https://www.airbnb.com/rooms/46775911
"Gillette, Wyoming, United States",44.25091,-105.48246,Room to Roam in North East Wyoming,6,Farm stay,5,https://www.airbnb.com/rooms/20305781
"Teton Village, Wyoming, United States",43.582,-110.835,Outpost: Sleeping Indian E2 - Hot Tub Access!,4,Entire condo,5,https://www.airbnb.com/rooms/15395126
"Wilson, Wyoming, United States",43.5346,-110.8442,"Yampa 3 BR, 3 BA condo",6,Entire condo,5,https://www.airbnb.com/rooms/22506795
"Jackson, Wyoming, United States",43.58452,-110.83022,Outpost: Four Seasons I B3 - Recently Renovated! Hot Tub Access,6,Entire condo,4.5,https://www.airbnb.com/rooms/39726509
"Teton Village, Wyoming, United States",43.5847,-110.83331,Gros Ventre B3 - 1BR,4,Entire rental unit,5,https://www.airbnb.com/rooms/7517235
"Jackson, Wyoming, United States",43.47743,-110.76634,Meadows Family Apartment,7,Room in aparthotel,4.5,https://www.airbnb.com/rooms/31591107
"Jackson, Wyoming, United States",43.47219,-110.75451,Outpost: Grand View 3230 - Air Conditioning!,8,Entire condo,,https://www.airbnb.com/rooms/53655004
"Ten Sleep, Wyoming, United States",44.03355,-107.45061,Big Horn Retreat: 3Bed/2Bath in Heart of Ten Sleep,6,Entire home,5,https://www.airbnb.com/rooms/43570163
"Star Valley Ranch, Wyoming, United States",42.95718,-110.95688,Spacious Star Valley Retreat,16,Entire home,5,https://www.airbnb.com/rooms/49562838
"Glendo, Wyoming, United States",42.51013,-105.02187,"Lake House, sleeps 10, garage & hot tub, lake view",10,Entire cabin,5,https://www.airbnb.com/rooms/50197624
"Moran, Wyoming, United States",43.84789,-110.4194,Heart Six Ranch,2,Private room in farm stay,4.5,https://www.airbnb.com/rooms/46543774
"Star Valley Ranch, Wyoming, United States",42.98514,-110.96286,Beautiful Aspen Cabin—Golf Course & Valley Views!,10,Entire home,5,https://www.airbnb.com/rooms/16796267
"Teton Village, Wyoming, United States",43.58175,-110.83804,"JHRL - Moose Creek #14, Private Hot Tub",6,Entire townhouse,,https://www.airbnb.com/rooms/27756763
"Cheyenne, Wyoming, United States",41.17479,-104.76862,Country-N-Town,4,Entire home,5,https://www.airbnb.com/rooms/53356598
"Bedford, Wyoming, United States",42.87045,-110.92029,Wonderful log house Little Moose Ranch - Horses OK,6,Entire home,5,https://www.airbnb.com/rooms/14124843
"Teton Village, Wyoming, United States",43.583,-110.836,Outpost: Wind River 7 - Hot Tub Access,12,Entire condo,5,https://www.airbnb.com/rooms/4562120
"Dubois, Wyoming, United States",43.54799,-109.66732,Entire rustic cabin on Union Pass hosted by Tanya,6,Entire cabin,5,https://www.airbnb.com/rooms/52404199
"Cody, Wyoming, United States",44.5171,-109.06658,Relaxing & comfortable; in friendly neighborhood!,8,Entire home,5,https://www.airbnb.com/rooms/50501026
"Thermopolis, Wyoming, United States",43.648,-108.222,Remodeled Historic Ranch Headquarters,10,Entire home,,https://www.airbnb.com/rooms/50907235
"Powell, Wyoming, United States",44.89468,-109.211,"Little Rocky Creek Cabin, modern amenities in the wide-open Wyoming countryside with beautiful views of the Beartooth Mountains ",6,Entire home,4.5,https://www.airbnb.com/rooms/33343463
"Wilson, Wyoming, United States",43.48993,-110.88503,JacksonHoleHideout-GunslingerSuite-Breakfast/Snack,4,Private room in bed and breakfast,,https://www.airbnb.com/rooms/47474373
"Wilson, Wyoming, United States",43.53447,-110.8485,"Deluxe 2 Bed, 2 Bath, Minutes from GTNP",4,Entire condo,5,https://www.airbnb.com/rooms/30861244
"Cody, Wyoming, United States",44.59486,-108.97121,For your amazing stay,8,Entire home,5,https://www.airbnb.com/rooms/25875786
"Jackson, Wyoming, United States",43.58637,-110.83063,Lovely ground floor condo near Teton Village base,6,Entire condo,5,https://www.airbnb.com/rooms/54376966
"Casper, Wyoming, United States",42.8482,-106.31411,Gorgeous NEWLY Renovated Home in downtown Casper,6,Entire home,5,https://www.airbnb.com/rooms/52532359
"Teton Village, Wyoming, United States",43.58626,-110.83289,"JHRL - Whiteridge A4, Amazing location near Teton Village base",8,Entire condo,5,https://www.airbnb.com/rooms/27756780
"Park County, Wyoming, United States",44.89163,-109.65961,River Lane Retreat nestled in the Beartooth mountains off the Chief Joseph Scenic Byway!,8,Entire home,4,https://www.airbnb.com/rooms/45068062
"Lander, Wyoming, United States",42.48675,-108.82615,"Rock Shop Inn, Willow Creek Cabin",4,Entire cabin,5,https://www.airbnb.com/rooms/47816252
"Cody, Wyoming, United States",44.52916,-109.05964,"G.F. Wiard House, a true historic Wyoming home, recently renovated, pet friendly/fully fenced yard!",9,Entire home,5,https://www.airbnb.com/rooms/51491586
"Jackson, Wyoming, United States",43.48158,-110.76729,2 Bedroom condo available in the heart of Jackson,4,Entire condo,,https://www.airbnb.com/rooms/51835287
"Lovell, Wyoming, United States",44.83797,-108.38844,"Lovell Home Drive to Bighorn Mtn, Yellowstone",16,Entire home,4.5,https://www.airbnb.com/rooms/37770081
"Foxpark, Wyoming, United States",41.07907,-106.1523,3 Bedroom Cabin Close To Snowy Range!,8,Entire cabin,4.5,https://www.airbnb.com/rooms/51282185
"Laramie, Wyoming, United States",41.30523,-105.57116,Charming and swanky home w/hot tub and fireplaces.,11,Entire home,5,https://www.airbnb.com/rooms/34903528
"Cheyenne, Wyoming, United States",41.16578,-104.78288,"Spacious, Clean, and Beautifully remodeled home.",10,Entire home,5,https://www.airbnb.com/rooms/53346409
"Dubois, Wyoming, United States",43.5735,-109.7845,Warm Spring Mountain Cabin - Remote Hideaway,6,Entire cabin,,https://www.airbnb.com/rooms/51406209
"Jackson, Wyoming, United States",43.485,-110.76,221 Hidden Hollow Elk Refuge near Town Square!,6,Entire rental unit,,https://www.airbnb.com/rooms/39411093
"Cody, Wyoming, United States",44.52617,-109.06292,Private 1 Bedroom Garden Apartment - Queen with Full Kitchen,4,Entire rental unit,,https://www.airbnb.com/rooms/45845693
"Alpine, Wyoming, United States",43.11637,-111.01528,Enjoy Mountain Cabin in Private Neighborhood,5,Entire home,5,https://www.airbnb.com/rooms/20426993
"Jackson, Wyoming, United States",43.47694,-110.76363,Two bedroom apartment in downtown Jackson.,4,Entire rental unit,5,https://www.airbnb.com/rooms/47576976
"Wilson, Wyoming, United States",43.49075,-110.8844,JacksonHoleHideout-TrailBoss Room-Breakfast/Snacks,2,Private room in bed and breakfast,,https://www.airbnb.com/rooms/47474153
"Star Valley Ranch, Wyoming, United States",43.00405,-110.9743,"Deer Park Ranch - Immaculate, Spacious and Views!",10,Entire home,5,https://www.airbnb.com/rooms/17188481
"Jackson, Wyoming, United States",43.47305,-110.76099,Outpost: One Town Hill 301 - Base of Snow King Mtn,10,Entire condo,5,https://www.airbnb.com/rooms/40888906
"Thayne, Wyoming, United States",42.876,-110.961,"Escape the city. Rustic, remote, luxury big cabin.",12,Entire home,5,https://www.airbnb.com/rooms/30568611
"Wilson, Wyoming, United States",43.53019,-110.84119,One bedroom w/ loft in beautiful Wyoming,6,Entire condo,,https://www.airbnb.com/rooms/54015870
"Cody, Wyoming, United States",44.48167,-109.34377,Waterfront Paradise near Yellowstone National Park,7,Entire rental unit,5,https://www.airbnb.com/rooms/10753192
"Jackson, Wyoming, United States",43.42861,-110.78646,Family home in the middle of an outdoor paradise,4,Entire home,5,https://www.airbnb.com/rooms/43495992
"Jackson, Wyoming, United States",43.475,-110.755,Outpost: King Ridge 3 - AC & Hot Tub!,8,Entire condo,4.5,https://www.airbnb.com/rooms/4315044
"Wilson, Wyoming, United States",43.50173,-110.87444,"Fantastic, central condo with full kitchen &  mountain views from the balcony",4,Entire condo,5,https://www.airbnb.com/rooms/46356263
"Medicine Bow , Wyoming, United States",41.04088,-106.16637,"Medicine Bow National Forest, ATV and more",4,Entire cabin,5,https://www.airbnb.com/rooms/6261826
"Cody, Wyoming, United States",44.46166,-109.45802,The Bear's Den at Rand Creek Ranch,4,Entire cabin,5,https://www.airbnb.com/rooms/28045963
"Torrington, Wyoming, United States",42.08782,-104.19382,"House Near Hospital, College, and Baseball Fields",10,Entire home,5,https://www.airbnb.com/rooms/47550544
"Jackson, Wyoming, United States",43.4719,-110.7537,Outpost: Grand View 5030 - Teton Views!,6,Entire condo,4.5,https://www.airbnb.com/rooms/52898344
"Newcastle, Wyoming, United States",43.84973,-104.20198,Sweet Country Luxury Suite,4,Entire cabin,5,https://www.airbnb.com/rooms/39049079
"Jackson, Wyoming, United States",43.47314,-110.76139,Outpost: One Town Hill 202 - Base of Snow King Mtn,6,Entire condo,4.5,https://www.airbnb.com/rooms/45733778
"Wilson, Wyoming, United States",43.48969,-110.88604,Jackson Hole Hideout Cowgirl Room-Breakfast/Snacks,2,Private room in bed and breakfast,,https://www.airbnb.com/rooms/47473687
"Cody, Wyoming, United States",44.86192,-109.64427,Rustic Cabin on Chief Joseph Highway,8,Entire cabin,4.5,https://www.airbnb.com/rooms/28631916
"Teton Village, Wyoming, United States",43.582,-110.833,Outpost: Nez Perce B3 One Bedroom -Hot Tub Access!,4,Entire condo,,https://www.airbnb.com/rooms/36415944
"Wilson, Wyoming, United States",43.491,-110.88594,Jackson Hole Hideout WranglerRoom-Breakfast/Snacks,2,Private room in bed and breakfast,,https://www.airbnb.com/rooms/47473985
"Cody, Wyoming, United States",44.44881,-109.49395,Beautiful Historical Cabin,5,Entire home,5,https://www.airbnb.com/rooms/8119138
"Cody, Wyoming, United States",44.51253,-109.12253,Canyon River Retreat-Perfect location-NEW HOME2022,4,Entire home,5,https://www.airbnb.com/rooms/54125114
"Teton Village, Wyoming, United States",43.587,-110.828,Outpost: Crystal Springs 301 - AC & Next To Tram!,8,Entire condo,5,https://www.airbnb.com/rooms/20675890
"Jackson, Wyoming, United States",43.48092,-110.76651,Jackson Hole Towncenter 2BR Condominium,6,Entire condo,5,https://www.airbnb.com/rooms/42039184
"Cody, Wyoming, United States",44.50382,-109.0157,"Fiber Optic WiFi, hottub,views,5 mins to down town",11,Entire home,5,https://www.airbnb.com/rooms/47732902
"Jackson, Wyoming, United States",43.48014,-110.76778,Jackson Hole Condo,6,Entire serviced apartment,,https://www.airbnb.com/rooms/33118887
"Cody, Wyoming, United States",44.527,-109.06,Luxury Lodging in the Heart of Cody w/ 2 King Beds,8,Entire home,5,https://www.airbnb.com/rooms/48833213
"Jackson, Wyoming, United States",43.47289,-110.75476,Outpost: Grand View 494 - Air Conditioning,8,Entire condo,5,https://www.airbnb.com/rooms/38098603
"Lander, Wyoming, United States",42.818,-108.763,Lander - Amazing Ridge Views,10,Entire home,5,https://www.airbnb.com/rooms/46637646
"Glendo, Wyoming, United States",42.46794,-104.9891,Secluded Glendo Home,6,Entire home,,https://www.airbnb.com/rooms/38581666
"Wilson, Wyoming, United States",43.51185,-110.84389,"RiverWolf: Bike Path, Snake River, Custom Log",3,Entire cabin,5,https://www.airbnb.com/rooms/5738506
"Evansville, Wyoming, United States",42.86161,-106.21394,"Little R&R, entire house farm, 1908 train station",15,Farm stay,5,https://www.airbnb.com/rooms/24576181
"Jackson, Wyoming, United States",43.483,-110.761,202 Hidden Hollow Luxury Apt. near Town Square!,6,Entire rental unit,5,https://www.airbnb.com/rooms/38462132
"Cheyenne, Wyoming, United States",41.08446,-104.59528,AYU Ranch Under the Stars,10,Entire home,5,https://www.airbnb.com/rooms/53434411
"Afton, Wyoming, United States",42.69329,-110.93164,"Johnson's Country Cabin, One price rents the home!",11,Entire cabin,5,https://www.airbnb.com/rooms/19643303
"Jackson, Wyoming, United States",43.47177,-110.75323,"Outpost: Grand View 5020 -Fireplace, Elevator, AC!",6,Entire condo,5,https://www.airbnb.com/rooms/40758022
"Jackson, Wyoming, United States",43.48097,-110.76766,Jackson Hole Towncenter Condo,6,Entire condo,4.5,https://www.airbnb.com/rooms/24356133
"Bedford, Wyoming, United States",42.84811,-110.89186,Turnerville Retreat,16,Entire cabin,5,https://www.airbnb.com/rooms/6741870
"Jackson, Wyoming, United States",43.47374,-110.75539,Grand View Apartment (off-site),4,Entire condo,4.5,https://www.airbnb.com/rooms/7073720
"Laramie, Wyoming, United States",41.31098,-105.59485,Vintage Chic Laramie Apt w/ Deck + Walk to Shops!,8,Entire rental unit,5,https://www.airbnb.com/rooms/19586809
"Saratoga, Wyoming, United States",41.45669,-106.80284,Stage Coach Stop,8,Entire home,5,https://www.airbnb.com/rooms/35650932
"Jackson, Wyoming, United States",43.48051,-110.76518,Downtown Loft with Fantastic Amenities,3,Room in hotel,4.5,https://www.airbnb.com/rooms/19859187
"Jackson, Wyoming, United States",43.50453,-110.77159,Outpost: Harvest Dance 3150 - Teton Views,8,Entire condo,5,https://www.airbnb.com/rooms/23940851
"Jackson, Wyoming, United States",43.47193,-110.76221,Outpost: One Town Hill 406 - Base of Snow King Mtn,6,Entire condo,5,https://www.airbnb.com/rooms/39300380
"Devils Tower, Wyoming, United States",44.602,-104.722,Burning Daylight - Devils Tower Lodge,3,Room in nature lodge,5,https://www.airbnb.com/rooms/34396291
"Teton Village, Wyoming, United States",43.582,-110.833,Rendezvous C3: 3Br+Loft- Teton Village- Spacious-,12,Entire condo,,https://www.airbnb.com/rooms/18864328
"Wilson, Wyoming, United States",43.53029,-110.84452,Outpost: Woodlands C5,6,Entire condo,5,https://www.airbnb.com/rooms/35877245
"Alta, Wyoming, United States",43.75149,-111.04788,Tranquil Pines Retreat w/ Large Hot Tub,12,Entire home,,https://www.airbnb.com/rooms/51220785
"Jackson, Wyoming, United States",43.38117,-110.72022,The West Lazy 5,7,Entire home,5,https://www.airbnb.com/rooms/43043383
"Teton Village, Wyoming, United States",43.585,-110.833,"Spacious, within walking distance of most lifts!",8,Entire townhouse,5,https://www.airbnb.com/rooms/106935
"Lander, Wyoming, United States",42.83149,-108.72742,The Mill House/City Slickers Penthouse,3,Room in boutique hotel,5,https://www.airbnb.com/rooms/16700412
"Jackson, Wyoming, United States",43.47276,-110.75453,Outpost: Grand View 491 - Air Conditioning,8,Entire condo,5,https://www.airbnb.com/rooms/30762229
"Saratoga, Wyoming, United States",41.44679,-106.80237,Newly Renovated Ranch with Best Views in Town!,6,Entire home,5,https://www.airbnb.com/rooms/50695198
"Jackson, Wyoming, United States",43.473,-110.755,Outpost: Grand View 331 - Teton Views and AC!,8,Entire condo,5,https://www.airbnb.com/rooms/15561362
"Jackson, Wyoming, United States",43.472,-110.753,Outpost: Grand View 5120 - Air Conditioned,6,Entire condo,5,https://www.airbnb.com/rooms/17640035
"Cheyenne, Wyoming, United States",41.18922,-104.8304,Cozy Family Home with Hot Tub and Pet Friendly,12,Entire home,5,https://www.airbnb.com/rooms/53466313
"Cody, Wyoming, United States",44.47447,-109.1351,Carter Vista Mountain Home - Yellowstone gateway,6,Entire home,5,https://www.airbnb.com/rooms/47909328
"Jackson, Wyoming, United States",43.47278,-110.76171,Outpost: One Town Hill 508 - Base of Snow King Mtn,4,Entire condo,4,https://www.airbnb.com/rooms/39364058
"Cody, Wyoming, United States",44.46,-109.52,"Mountain View Resort, Main Lodge",8,Entire cabin,5,https://www.airbnb.com/rooms/19316919
"Jackson, Wyoming, United States",43.48082,-110.76524,"Best Address in Jackson Easy Walk to Shops, Dining & Nightlife",2,Room in hotel,5,https://www.airbnb.com/rooms/19718293
"Jackson, Wyoming, United States",43.47192,-110.76245,Outpost: One Town Hill 303 - Base of Snow King Mtn,8,Entire condo,5,https://www.airbnb.com/rooms/39296594
"Casper, Wyoming, United States",42.76999,-106.46769,Buffalo Ranch and Spa,8,Farm stay,5,https://www.airbnb.com/rooms/49690835
"Wilson, Wyoming, United States",43.533,-110.85,Luxury -  Ski/ Summer Jackson Hole Condo,6,Entire condo,5,https://www.airbnb.com/rooms/4745875
"Cody, Wyoming, United States",44.46541,-109.49467,Wapiti Valley Wayfarer,8,Entire home,5,https://www.airbnb.com/rooms/50755610
"Cody, Wyoming, United States",44.34894,-109.36461,The Paintbrush Studio - Room With a View!,4,Entire cabin,5,https://www.airbnb.com/rooms/19415130
"Centennial, Wyoming, United States",41.3183,-106.14745,The Durango Cabin at the Snowy Range,10,Entire cabin,5,https://www.airbnb.com/rooms/34085434
"Jackson, Wyoming, United States",43.38674,-110.72188,Dusty Trail Lodge,4,Entire guesthouse,5,https://www.airbnb.com/rooms/18190856
"Cody, Wyoming, United States",44.49552,-109.32515,Lazy J Basin,6,Entire home,5,https://www.airbnb.com/rooms/34115662
"Jackson, Wyoming, United States",43.47957,-110.76614,Jackson Hole Towncenter 2BR Condo Rental,6,Entire condo,5,https://www.airbnb.com/rooms/11324612
"Wheatland, Wyoming, United States",42.05741,-105.31185,Shed Horn Cabin a remote peaceful cabin to relax,5,Entire cabin,5,https://www.airbnb.com/rooms/49227200
"Ten Sleep, Wyoming, United States",44.05955,-107.38033,Private Canyon Cabin,8,Entire cabin,5,https://www.airbnb.com/rooms/38553080
"Sundance, Wyoming, United States",44.22534,-104.45515,Kara Creek Ranch - Log Cabin,4,Entire cabin,5,https://www.airbnb.com/rooms/50261031
"Ten Sleep, Wyoming, United States",44.0342,-107.44969,Spacious Home 10 Minutes to Ten Sleep Canyon!,8,Entire home,4.5,https://www.airbnb.com/rooms/34976103
"Jackson, Wyoming, United States",43.47235,-110.75402,"Outpost: Love Ridge 252 -Spacious, Air Conditioned",8,Entire condo,5,https://www.airbnb.com/rooms/27607103
"Jackson, Wyoming, United States",43.47908,-110.76791,Jackson Hole Condo 2 BDR W/ Pool & Full  kitchen,6,Entire condo,,https://www.airbnb.com/rooms/43880722
"Cody, Wyoming, United States",44.48886,-109.42075,Aviators Landing at Jim Mountain,8,Entire home,5,https://www.airbnb.com/rooms/52920387
"Thermopolis, Wyoming, United States",43.6457,-108.21596,Beautiful Thermopolis Home w/ Private Yard & Grill,8,Entire home,5,https://www.airbnb.com/rooms/54357464
"Ten Sleep, Wyoming, United States",44.03476,-107.44787,"Large Ten Sleep Home on Main St, 10 Mins to Canyon",6,Entire home,5,https://www.airbnb.com/rooms/34943321
"Thayne, Wyoming, United States",42.97391,-110.99594,"The Retreat at Rusty Elk Lodge, Star Valley, WY",5,Entire guesthouse,5,https://www.airbnb.com/rooms/25891810
"Centennial, Wyoming, United States",41.32498,-106.13867,Cozy Centennial Cabin in the aspens.,8,Entire cabin,5,https://www.airbnb.com/rooms/54339993
"Gillette, Wyoming, United States",44.29167,-105.50786,100 year old house with a castle inspired feel.,10,Entire home,5,https://www.airbnb.com/rooms/47782241
"Jackson, Wyoming, United States",43.473,-110.754,Outpost: Grand View 3610 - Air Conditioning,8,Entire condo,5,https://www.airbnb.com/rooms/38545405
"Sheridan, Wyoming, United States",44.78199,-107.03242,Bozeman Trail Ranches - Western Escape,7,Entire home,,https://www.airbnb.com/rooms/49135444
"Dubois, Wyoming, United States",43.577,-109.813,Yellowstone/Union Pass Log Cabin Retreat,10,Entire cabin,5,https://www.airbnb.com/rooms/52059436
"Sheridan, Wyoming, United States",44.79916,-106.95617,Luxury Sheridan Wyoming Downtown Condo,6,Entire condo,5,https://www.airbnb.com/rooms/46369341
"Cody, Wyoming, United States",44.50037,-108.96267,Serene Yellowstone Country Retreat w/ Deck & Views,5,Entire home,4.5,https://www.airbnb.com/rooms/43044005
"Jackson, Wyoming, United States",43.47283,-110.76553,Walk to Gondola & Town Sq - 30% monthly discount,6,Entire home,5,https://www.airbnb.com/rooms/53690207
"Cheyenne, Wyoming, United States",41.1261,-104.68883,History and beauty intersect on ranch property,5,Entire cabin,5,https://www.airbnb.com/rooms/43220045
"Jackson, Wyoming, United States",43.48534,-110.76588,Downtown Jackson condo on Flat Creek -Hidden Gem!,3,Entire condo,5,https://www.airbnb.com/rooms/46579987
"Star Valley Ranch, Wyoming, United States",42.99139,-110.95622,Spectacular Prater Canyon cabin retreat,8,Entire cabin,5,https://www.airbnb.com/rooms/48544259
"Devils Tower, Wyoming, United States",44.602,-104.722,The Windows Room - Devils Tower Lodge,2,Room in nature lodge,5,https://www.airbnb.com/rooms/34419793
"Buffalo, Wyoming, United States",44.35177,-106.69684,Bird House on Lobban,7,Entire home,5,https://www.airbnb.com/rooms/41235664
"Thayne, Wyoming, United States",42.97376,-111.01403,Freedom Cabin,12,Entire cabin,5,https://www.airbnb.com/rooms/41160400
"Alpine, Wyoming, United States",43.106,-111.017,A-Frame of Mind -Great view-Hiking-Fishing-Firepit,10,Entire home,4.5,https://www.airbnb.com/rooms/47096820
"Star Valley Ranch, Wyoming, United States",42.95589,-110.95474,"Aspen Grove,  Elite Farmhouse with Full Concierge",8,Entire home,5,https://www.airbnb.com/rooms/47006001
"Jackson, Wyoming, United States",43.475,-110.755,Outpost: King Ridge 2 - AC & Hot Tub!,8,Entire condo,4.5,https://www.airbnb.com/rooms/4311727
"Wilson, Wyoming, United States",43.52,-110.842,Fireside Resort,0,Room in hotel,5,https://www.airbnb.com/rooms/46067227
"Dubois, Wyoming, United States",43.418,-109.444,Wind River Hideaway at Red Rocks,4,Entire cabin,5,https://www.airbnb.com/rooms/23538127
"Jackson, Wyoming, United States",43.47253,-110.76261,Outpost: One Town Hill 507 - Base of Snow King Mtn,6,Entire condo,5,https://www.airbnb.com/rooms/32164570
"Buffalo, Wyoming, United States",44.28477,-106.90967,Amazing mountain cabin near buffalo wyoming.,8,Entire cabin,4.5,https://www.airbnb.com/rooms/29546298
"Alta, Wyoming, United States",43.757,-111.037,Gorgeous Teton Cabin- Breathtaking Mountain Views!,6,Entire home,4.5,https://www.airbnb.com/rooms/28875236
"Thermopolis, Wyoming, United States",43.60515,-108.26143,Tipi 1 - Free Hot Springs Pass,3,Tipi,5,https://www.airbnb.com/rooms/47596289
"Robertson, Wyoming, United States",41.0779,-110.56072,"The Mountain House  peaceful, views w/ hot tub.",16,Entire home,5,https://www.airbnb.com/rooms/30794181
"Teton Village, Wyoming, United States",43.582,-110.836,Outpost: Moose Creek 20 - Private Hot Tub!,8,Entire townhouse,5,https://www.airbnb.com/rooms/23840919
"Alpine, Wyoming, United States",43.178,-111.015,2 bed 1 bath luxury rental in Alpine,4,Entire home,5,https://www.airbnb.com/rooms/39861530
"Kelly, Wyoming, United States",43.62046,-110.62761,Cozy log cabin,4,Entire cabin,5,https://www.airbnb.com/rooms/4622064
"Cody, Wyoming, United States",44.45487,-109.494,"Green Creek Retreat, panoramic mountain views, close to Yellowstone National Park’s east gate, pet friendly/fully fenced yard!",7,Entire home,5,https://www.airbnb.com/rooms/17920395
"Alpine, Wyoming, United States",43.1637,-111.01065,Alpine Hideaway w/ Panoramic Mountain Views!,8,Entire home,5,https://www.airbnb.com/rooms/46411510
"Teton Village, Wyoming, United States",43.58175,-110.83614,Teewinot B5: Top-floor 2BR Condo: Full Remodel '21,4,Entire condo,5,https://www.airbnb.com/rooms/53346345
"Cody, Wyoming, United States",44.396,-109.306,Unique Handcrafted Log Barn - Mountain View’s,4,Barn,5,https://www.airbnb.com/rooms/42002454
"Star Valley Ranch, Wyoming, United States",42.96274,-110.9503,Cedar Creek Chalet | on golf course | Hot tub,8,Entire home,5,https://www.airbnb.com/rooms/52501130
"Star Valley Ranch, Wyoming, United States",42.97785,-110.95396,Tastefully updated Cabin with a hot tub!,6,Entire cabin,5,https://www.airbnb.com/rooms/51670607
"Green River, Wyoming, United States",41.55291,-109.51149,Cheerful 4 bedroom lodge with hot tub,6,Entire cabin,4.5,https://www.airbnb.com/rooms/53357925
"Devils Tower, Wyoming, United States",44.53544,-104.65074,Devils Tower Vista of the Black Hills,4,Entire cabin,5,https://www.airbnb.com/rooms/53901811
"Dubois, Wyoming, United States",43.6026,-109.80075,Wind River Retreat,6,Entire cabin,5,https://www.airbnb.com/rooms/50366019
"Dubois, Wyoming, United States",43.52312,-109.60769,100 year old Cowboy Cabin,6,Entire cabin,5,https://www.airbnb.com/rooms/20843844
"Saratoga, Wyoming, United States",41.332,-106.729,Treasure Island Homestead on North Platte River!,6,Entire home,5,https://www.airbnb.com/rooms/24230110
"Cheyenne, Wyoming, United States",41.1147,-104.82548,"4 Bedroom, Fun and Relaxing Hot Tub.",8,Entire home,5,https://www.airbnb.com/rooms/54211665
"Moorcroft, Wyoming, United States",44.45073,-104.77447,NEW! Wyoming Nature Retreat: 19 Mi To Devils Tower,7,Entire cabin,5,https://www.airbnb.com/rooms/49172469
"Casper, Wyoming, United States",42.73459,-106.35724,"Secluded Casper Mtn Cabin: Fire Pit, 12 Mi to Town",5,Entire cabin,5,https://www.airbnb.com/rooms/45595888
"Sheridan, Wyoming, United States",44.62864,-107.06339,Upscale log home at base of Bighorn Mountains,6,Entire home,5,https://www.airbnb.com/rooms/50173350
"Saratoga, Wyoming, United States",41.4585,-106.81993,Western Skies. A cheerful four bedroom  home.,8,Entire home,5,https://www.airbnb.com/rooms/50683638
"Jackson, Wyoming, United States",43.58074,-110.74565,Jackson Hole Cabin with Grand Teton views,4,Entire guesthouse,5,https://www.airbnb.com/rooms/30442911
"Park County, Wyoming, United States",44.46129,-109.50844,The Legg Ranch House,4,Entire home,5,https://www.airbnb.com/rooms/36643878
"Jackson, Wyoming, United States",43.47115,-110.76079,Outpost: One Town Hill 306 - Base of Snow King Mtn,6,Entire condo,5,https://www.airbnb.com/rooms/34012455
"Teton Village, Wyoming, United States",43.58322,-110.83369,Outpost: Nez Perce D6 - Hot Tub Access!,6,Entire condo,5,https://www.airbnb.com/rooms/28782058
"Jackson, Wyoming, United States",43.48031,-110.7618,Outpost: One Town Hill 506 - Base of Snow King Mtn,6,Entire condo,5,https://www.airbnb.com/rooms/34502509
"Jackson, Wyoming, United States",43.505,-110.771,Outpost: Harvest Dance 3153 - Teton Views,7,Entire condo,4.5,https://www.airbnb.com/rooms/15928924
"Jackson, Wyoming, United States",43.482,-110.765,C&C: Baitshop Cabin. 2BR Bungalow Downtown Jackson,6,Entire cabin,5,https://www.airbnb.com/rooms/11565782
"Cody, Wyoming, United States",44.49202,-108.98334,Almosta Ranch Lodge - On Sage Creek,7,Entire cabin,5,https://www.airbnb.com/rooms/47813241
"Casper, Wyoming, United States",42.78324,-106.39561,Arts & Crafts Summer Guesthouse on Prairie,4,Entire cottage,5,https://www.airbnb.com/rooms/34642643
"Cody, Wyoming, United States",44.52304,-109.06544,The Cabin at Scout's Rest,2,Entire cabin,5,https://www.airbnb.com/rooms/53309432
"Laramie, Wyoming, United States",41.18333,-106.08732,*Rebel Ranch* Borders Medicine Bow National Forest,14,Entire home,5,https://www.airbnb.com/rooms/52457351
"Jackson, Wyoming, United States",43.475,-110.755,Outpost: King Ridge 6 Penthouse - AC & Hot Tub!,8,Entire condo,5,https://www.airbnb.com/rooms/4290634
"Thermopolis, Wyoming, United States",43.60754,-108.26225,Tipi 7 w/Day Pass for Hot Springs,6,Tipi,5,https://www.airbnb.com/rooms/50288364
"Alta, Wyoming, United States",43.75415,-111.03858,Teton Views and Minutes from Grand Targhee Resort!,8,Entire home,5,https://www.airbnb.com/rooms/53741539
"Jackson, Wyoming, United States",43.48216,-110.76002,Outpost: East Gill Four - right near Town Square!,4,Entire condo,5,https://www.airbnb.com/rooms/46944614
"Cody, Wyoming, United States",44.56006,-109.07827,Sunset Haven...Relaxation Destination,4,Entire home,5,https://www.airbnb.com/rooms/48676432
"Sheridan, Wyoming, United States",44.799,-106.956,Downtown Loft Eateries Shopping Nightlife Central,9,Entire loft,5,https://www.airbnb.com/rooms/48923577
"Teton Village, Wyoming, United States",43.58298,-110.83546,Outpost: Nez Perce A5 - Hot Tub Access!,8,Entire condo,5,https://www.airbnb.com/rooms/32311506
"Elk Mountain, Wyoming, United States",41.69192,-106.41199,Wyoming Retreat at Elk Mountain,14,Entire home,5,https://www.airbnb.com/rooms/37184653
"Jackson, Wyoming, United States",43.47304,-110.75553,Feel at Home in this Mountainside Getaway! Deluxe Condo with Patio,4,Entire condo,4.5,https://www.airbnb.com/rooms/28459269
"Jackson, Wyoming, United States",43.48493,-110.76478,Outpost: Alpine Cottage Three,6,Entire townhouse,4.5,https://www.airbnb.com/rooms/38753351
"Jackson, Wyoming, United States",43.42561,-110.80952,Newly Renovated & Newly Furnished Luxury Home,8,Entire home,,https://www.airbnb.com/rooms/46224133
"Buffalo, Wyoming, United States",44.31751,-106.92041,Big Horn Mountain Retreat - Updated Main Cabin,5,Entire cabin,,https://www.airbnb.com/rooms/53028985
"Cody, Wyoming, United States",44.31602,-109.46716,Secluded Historic Double L Bar Ranch Lodge,6,Farm stay,5,https://www.airbnb.com/rooms/25274936
"Alpine, Wyoming, United States",43.10631,-111.0179,Beautiful Mountain Home. 5 Bedroom,12,Entire home,5,https://www.airbnb.com/rooms/45191861
"Jackson, Wyoming, United States",43.53798,-110.73715,Bordering Grand Teton National Park,10,Entire home,5,https://www.airbnb.com/rooms/16227404
"Star Valley Ranch, Wyoming, United States",42.975,-110.951,NEW! Canyon Pines | Slide off the deck |Jacuzzi,16,Entire home,5,https://www.airbnb.com/rooms/48577250
"Jackson, Wyoming, United States",43.474,-110.755,Sparkling clean @ base of Snow King Mountain.,4,Entire townhouse,5,https://www.airbnb.com/rooms/17715009
"Alpine, Wyoming, United States",43.10783,-111.02003,Luxe Alpine Cabin w/ Wraparound Deck & Mtn Views!,8,Entire home,5,https://www.airbnb.com/rooms/20538292
"Teton Village, Wyoming, United States",43.583,-110.836,Outpost: Wind River 13 - Hot Tub Access,10,Entire condo,4.5,https://www.airbnb.com/rooms/15915603
"Teton Village, Wyoming, United States",43.5827,-110.83882,"JHRL - Moose Creek #33, Private Hot Tub",8,Entire townhouse,5,https://www.airbnb.com/rooms/27756773
"Wilson, Wyoming, United States",43.51147,-110.84856,Teton View B&B ~ Jackson Hole ~ Willow Suite!,4,Private room in bed and breakfast,5,https://www.airbnb.com/rooms/13332843
"Jackson, Wyoming, United States",43.48014,-110.76893,Mountain Modern Deluxe Double Queen - Sleeps 4,4,Room in hotel,,https://www.airbnb.com/rooms/50150805
"Thermopolis, Wyoming, United States",43.94578,-108.68109,Ranch Cabin Seven on the backside of Yellowstone,4,Farm stay,5,https://www.airbnb.com/rooms/49929214
"Jackson, Wyoming, United States",43.583,-110.833,Outpost: Eagles Rest 13 - Pool & Hot Tub Access!,8,Entire townhouse,5,https://www.airbnb.com/rooms/11623920
"Devils Tower, Wyoming, United States",44.602,-104.722,The Grand Suite - Devils Tower Lodge,4,Room in nature lodge,,https://www.airbnb.com/rooms/34500840
"Kelly, Wyoming, United States",43.58401,-110.41174,Red Rock Ranch Cabin Rentals  Nez Pierce Cabin,2,Entire cabin,,https://www.airbnb.com/rooms/12070506
"Devils Tower, Wyoming, United States",44.60252,-104.72253,The Weissner Cottage - Devils Tower Lodge,6,Room in nature lodge,,https://www.airbnb.com/rooms/34502385
"Teton Village, Wyoming, United States",43.58212,-110.83628,"JHRL - Wind River #1, Amazing Location by Ski Lift - Sleeps 8",8,Entire townhouse,4.5,https://www.airbnb.com/rooms/27756727
"Wilson, Wyoming, United States",43.53222,-110.8473,Beautiful country home with full kitchen & views from the private balcony,6,Entire condo,5,https://www.airbnb.com/rooms/46356249
"Teton Village, Wyoming, United States",43.58334,-110.83643,"JHRL - Wind River #2, Well-Appointed and Well-Located - 1 minute from Ski Access",8,Entire townhouse,5,https://www.airbnb.com/rooms/27756697
"Teton Village, Wyoming, United States",43.58194,-110.83463,"JHRL - Slope-side Rendezvous C4 condo, steps from Hot tub, sleeps 9",9,Entire condo,5,https://www.airbnb.com/rooms/27756581
"Wilson, Wyoming, United States",43.5304,-110.84755,Lovely home with full kitchen & private back deck - near restaurants,4,Entire condo,4.5,https://www.airbnb.com/rooms/46356244
"Star Valley Ranch, Wyoming, United States",43.00283,-110.97871,Gorgeous  Home in the Hills of Star Valley Ranch,12,Entire home,5,https://www.airbnb.com/rooms/37831992
"Wilson, Wyoming, United States",43.53741,-110.84767,"JHRL - Mystic Moose Townhome, Beautifully Renovated",4,Entire condo,,https://www.airbnb.com/rooms/53721539
"Teton Village, Wyoming, United States",43.58451,-110.83151,JHRL - Slope-side Whiteridge B3 Condo - Walk to Tram,8,Entire condo,5,https://www.airbnb.com/rooms/27756686
"Wilson, Wyoming, United States",43.52929,-110.84466,JHRL - Teton Pines Townhome #21,6,Entire townhouse,,https://www.airbnb.com/rooms/27756693
"Jackson, Wyoming, United States",43.48112,-110.76562,Romantic Jackson Hole Hotel Suite with Indoor/Outdoor Fireplace,4,Room in hotel,,https://www.airbnb.com/rooms/19730479
"Albany County, Wyoming, United States",41.0485,-106.0186,EL Rancho Pequeno,8,Entire home,5,https://www.airbnb.com/rooms/24559284
"Jackson, Wyoming, United States",43.57297,-110.75517,"Centrally located condo with furnished deck, Teton views & fireplace",6,Entire condo,4.5,https://www.airbnb.com/rooms/46356336
"Wilson, Wyoming, United States",43.529,-110.846,Outpost: Prospector at Teton Pines,8,Entire condo,5,https://www.airbnb.com/rooms/20635546
"Cody, Wyoming, United States",44.41367,-109.22959,"Four C Guest Ranch, surrounded by mountains and located on a working cattle ranch in South Fork Valley!",6,Entire home,,https://www.airbnb.com/rooms/50941143
"Kelly, Wyoming, United States",43.58553,-110.41292,Red Rock Ranch Cabin Rental  Simpson House,6,Entire cabin,,https://www.airbnb.com/rooms/14670599
"Wilson, Wyoming, United States",43.53336,-110.85085,"Cozy, Clean, & Creekside Condo",6,Entire condo,5,https://www.airbnb.com/rooms/4365596
"Jackson, Wyoming, United States",43.46972,-110.75525,"Luxury, Right in Town on Snow King Mt",4,Entire rental unit,5,https://www.airbnb.com/rooms/16227438
"Moran, Wyoming, United States",43.81991,-110.2013,Ultimate Naturalistic Getaway! 2 Convenient Units,8,Room in hotel,,https://www.airbnb.com/rooms/50117709
"Wilson, Wyoming, United States",43.532,-110.843,Aspens A1A: The Aspens- Great Deck with Mountain V,8,Entire townhouse,5,https://www.airbnb.com/rooms/18864229
"Dubois, Wyoming, United States",43.58019,-109.82704,Get Away From it all on Top of the World (larry),10,Entire home,5,https://www.airbnb.com/rooms/24673207
"Moran, Wyoming, United States",43.81944,-110.20268,"Great Find! Two Great Units, Close to Attractions",8,Private room,,https://www.airbnb.com/rooms/52485946
"Cheyenne, Wyoming, United States",41.18506,-104.74167,Quiet Berm Home on 3 Acres,8,Entire home,5,https://www.airbnb.com/rooms/26552342
"Centennial, Wyoming, United States",41.299,-106.141,"Antlers ""Inn"" Centennial: rooms with a view!",8,Entire home,5,https://www.airbnb.com/rooms/43926681
"Jackson, Wyoming, United States",43.57273,-110.75061,Beautiful golf-course-view home with vaulted wood beam ceilings & deck,8,Entire condo,4.5,https://www.airbnb.com/rooms/46356260
"Casper, Wyoming, United States",42.83212,-106.30704,Artist's Cozy Colorful Home,2,Private room in home,,https://www.airbnb.com/rooms/18910563
"Cheyenne, Wyoming, United States",41.11834,-104.80075,Comfy ranch style home for large and small groups,6,Entire home,4.5,https://www.airbnb.com/rooms/17907825